[
    {
        "date": "2024-10-01",
        "value": "4.72"
    },
    {
        "date": "2024-09-01",
        "value": "4.92"
    },
    {
        "date": "2024-08-01",
        "value": "5.3"
    },
    {
        "date": "2024-07-01",
        "value": "5.43"
    },
    {
        "date": "2024-06-01",
        "value": "5.51"
    },
    {
        "date": "2024-05-01",
        "value": "5.46"
    },
    {
        "date": "2024-04-01",
        "value": "5.44"
    },
    {
        "date": "2024-03-01",
        "value": "5.47"
    },
    {
        "date": "2024-02-01",
        "value": "5.44"
    },
    {
        "date": "2024-01-01",
        "value": "5.45"
    },
    {
        "date": "2023-12-01",
        "value": "5.44"
    },
    {
        "date": "2023-11-01",
        "value": "5.52"
    },
    {
        "date": "2023-10-01",
        "value": "5.60"
    },
    {
        "date": "2023-09-01",
        "value": "5.56"
    },
    {
        "date": "2023-08-01",
        "value": "5.56"
    },
    {
        "date": "2023-07-01",
        "value": "5.49"
    },
    {
        "date": "2023-06-01",
        "value": "5.42"
    },
    {
        "date": "2023-05-01",
        "value": "5.31"
    },
    {
        "date": "2023-04-01",
        "value": "5.07"
    },
    {
        "date": "2023-03-01",
        "value": "4.86"
    },
    {
        "date": "2023-02-01",
        "value": "4.79"
    },
    {
        "date": "2023-01-01",
        "value": "4.69"
    },
    {
        "date": "2022-12-01",
        "value": "4.36"
    },
    {
        "date": "2022-11-01",
        "value": "4.32"
    },
    {
        "date": "2022-10-01",
        "value": "3.87"
    },
    {
        "date": "2022-09-01",
        "value": "3.22"
    },
    {
        "date": "2022-08-01",
        "value": "2.72"
    },
    {
        "date": "2022-07-01",
        "value": "2.30"
    },
    {
        "date": "2022-06-01",
        "value": "1.54"
    },
    {
        "date": "2022-05-01",
        "value": "0.99"
    },
    {
        "date": "2022-04-01",
        "value": "0.76"
    },
    {
        "date": "2022-03-01",
        "value": "0.45"
    },
    {
        "date": "2022-02-01",
        "value": "0.31"
    },
    {
        "date": "2022-01-01",
        "value": "0.15"
    },
    {
        "date": "2021-12-01",
        "value": "0.06"
    },
    {
        "date": "2021-11-01",
        "value": "0.05"
    },
    {
        "date": "2021-10-01",
        "value": "0.05"
    },
    {
        "date": "2021-09-01",
        "value": "0.04"
    },
    {
        "date": "2021-08-01",
        "value": "0.05"
    },
    {
        "date": "2021-07-01",
        "value": "0.05"
    },
    {
        "date": "2021-06-01",
        "value": "0.04"
    },
    {
        "date": "2021-05-01",
        "value": "0.02"
    },
    {
        "date": "2021-04-01",
        "value": "0.02"
    },
    {
        "date": "2021-03-01",
        "value": "0.03"
    },
    {
        "date": "2021-02-01",
        "value": "0.04"
    },
    {
        "date": "2021-01-01",
        "value": "0.08"
    },
    {
        "date": "2020-12-01",
        "value": "0.09"
    },
    {
        "date": "2020-11-01",
        "value": "0.09"
    },
    {
        "date": "2020-10-01",
        "value": "0.10"
    },
    {
        "date": "2020-09-01",
        "value": "0.11"
    },
    {
        "date": "2020-08-01",
        "value": "0.10"
    },
    {
        "date": "2020-07-01",
        "value": "0.13"
    },
    {
        "date": "2020-06-01",
        "value": "0.16"
    },
    {
        "date": "2020-05-01",
        "value": "0.13"
    },
    {
        "date": "2020-04-01",
        "value": "0.14"
    },
    {
        "date": "2020-03-01",
        "value": "0.30"
    },
    {
        "date": "2020-02-01",
        "value": "1.54"
    },
    {
        "date": "2020-01-01",
        "value": "1.55"
    },
    {
        "date": "2019-12-01",
        "value": "1.57"
    },
    {
        "date": "2019-11-01",
        "value": "1.57"
    },
    {
        "date": "2019-10-01",
        "value": "1.68"
    },
    {
        "date": "2019-09-01",
        "value": "1.93"
    },
    {
        "date": "2019-08-01",
        "value": "1.99"
    },
    {
        "date": "2019-07-01",
        "value": "2.15"
    },
    {
        "date": "2019-06-01",
        "value": "2.22"
    },
    {
        "date": "2019-05-01",
        "value": "2.40"
    },
    {
        "date": "2019-04-01",
        "value": "2.43"
    },
    {
        "date": "2019-03-01",
        "value": "2.45"
    },
    {
        "date": "2019-02-01",
        "value": "2.44"
    },
    {
        "date": "2019-01-01",
        "value": "2.42"
    },
    {
        "date": "2018-12-01",
        "value": "2.41"
    },
    {
        "date": "2018-11-01",
        "value": "2.37"
    },
    {
        "date": "2018-10-01",
        "value": "2.29"
    },
    {
        "date": "2018-09-01",
        "value": "2.17"
    },
    {
        "date": "2018-08-01",
        "value": "2.07"
    },
    {
        "date": "2018-07-01",
        "value": "1.99"
    },
    {
        "date": "2018-06-01",
        "value": "1.94"
    },
    {
        "date": "2018-05-01",
        "value": "1.90"
    },
    {
        "date": "2018-04-01",
        "value": "1.79"
    },
    {
        "date": "2018-03-01",
        "value": "1.73"
    },
    {
        "date": "2018-02-01",
        "value": "1.59"
    },
    {
        "date": "2018-01-01",
        "value": "1.43"
    },
    {
        "date": "2017-12-01",
        "value": "1.34"
    },
    {
        "date": "2017-11-01",
        "value": "1.25"
    },
    {
        "date": "2017-10-01",
        "value": "1.09"
    },
    {
        "date": "2017-09-01",
        "value": "1.05"
    },
    {
        "date": "2017-08-01",
        "value": "1.03"
    },
    {
        "date": "2017-07-01",
        "value": "1.09"
    },
    {
        "date": "2017-06-01",
        "value": "1.00"
    },
    {
        "date": "2017-05-01",
        "value": "0.90"
    },
    {
        "date": "2017-04-01",
        "value": "0.81"
    },
    {
        "date": "2017-03-01",
        "value": "0.75"
    },
    {
        "date": "2017-02-01",
        "value": "0.53"
    },
    {
        "date": "2017-01-01",
        "value": "0.52"
    },
    {
        "date": "2016-12-01",
        "value": "0.51"
    },
    {
        "date": "2016-11-01",
        "value": "0.45"
    },
    {
        "date": "2016-10-01",
        "value": "0.33"
    },
    {
        "date": "2016-09-01",
        "value": "0.29"
    },
    {
        "date": "2016-08-01",
        "value": "0.30"
    },
    {
        "date": "2016-07-01",
        "value": "0.30"
    },
    {
        "date": "2016-06-01",
        "value": "0.27"
    },
    {
        "date": "2016-05-01",
        "value": "0.28"
    },
    {
        "date": "2016-04-01",
        "value": "0.23"
    },
    {
        "date": "2016-03-01",
        "value": "0.30"
    },
    {
        "date": "2016-02-01",
        "value": "0.31"
    },
    {
        "date": "2016-01-01",
        "value": "0.26"
    },
    {
        "date": "2015-12-01",
        "value": "0.23"
    },
    {
        "date": "2015-11-01",
        "value": "0.13"
    },
    {
        "date": "2015-10-01",
        "value": "0.02"
    },
    {
        "date": "2015-09-01",
        "value": "0.02"
    },
    {
        "date": "2015-08-01",
        "value": "0.07"
    },
    {
        "date": "2015-07-01",
        "value": "0.03"
    },
    {
        "date": "2015-06-01",
        "value": "0.02"
    },
    {
        "date": "2015-05-01",
        "value": "0.02"
    },
    {
        "date": "2015-04-01",
        "value": "0.02"
    },
    {
        "date": "2015-03-01",
        "value": "0.03"
    },
    {
        "date": "2015-02-01",
        "value": "0.02"
    },
    {
        "date": "2015-01-01",
        "value": "0.03"
    },
    {
        "date": "2014-12-01",
        "value": "0.03"
    },
    {
        "date": "2014-11-01",
        "value": "0.02"
    },
    {
        "date": "2014-10-01",
        "value": "0.02"
    },
    {
        "date": "2014-09-01",
        "value": "0.02"
    },
    {
        "date": "2014-08-01",
        "value": "0.03"
    },
    {
        "date": "2014-07-01",
        "value": "0.03"
    },
    {
        "date": "2014-06-01",
        "value": "0.04"
    },
    {
        "date": "2014-05-01",
        "value": "0.03"
    },
    {
        "date": "2014-04-01",
        "value": "0.03"
    },
    {
        "date": "2014-03-01",
        "value": "0.05"
    },
    {
        "date": "2014-02-01",
        "value": "0.05"
    },
    {
        "date": "2014-01-01",
        "value": "0.04"
    },
    {
        "date": "2013-12-01",
        "value": "0.07"
    },
    {
        "date": "2013-11-01",
        "value": "0.07"
    },
    {
        "date": "2013-10-01",
        "value": "0.05"
    },
    {
        "date": "2013-09-01",
        "value": "0.02"
    },
    {
        "date": "2013-08-01",
        "value": "0.04"
    },
    {
        "date": "2013-07-01",
        "value": "0.04"
    },
    {
        "date": "2013-06-01",
        "value": "0.05"
    },
    {
        "date": "2013-05-01",
        "value": "0.04"
    },
    {
        "date": "2013-04-01",
        "value": "0.06"
    },
    {
        "date": "2013-03-01",
        "value": "0.09"
    },
    {
        "date": "2013-02-01",
        "value": "0.10"
    },
    {
        "date": "2013-01-01",
        "value": "0.07"
    },
    {
        "date": "2012-12-01",
        "value": "0.07"
    },
    {
        "date": "2012-11-01",
        "value": "0.09"
    },
    {
        "date": "2012-10-01",
        "value": "0.10"
    },
    {
        "date": "2012-09-01",
        "value": "0.11"
    },
    {
        "date": "2012-08-01",
        "value": "0.10"
    },
    {
        "date": "2012-07-01",
        "value": "0.10"
    },
    {
        "date": "2012-06-01",
        "value": "0.09"
    },
    {
        "date": "2012-05-01",
        "value": "0.09"
    },
    {
        "date": "2012-04-01",
        "value": "0.08"
    },
    {
        "date": "2012-03-01",
        "value": "0.08"
    },
    {
        "date": "2012-02-01",
        "value": "0.09"
    },
    {
        "date": "2012-01-01",
        "value": "0.03"
    },
    {
        "date": "2011-12-01",
        "value": "0.01"
    },
    {
        "date": "2011-11-01",
        "value": "0.01"
    },
    {
        "date": "2011-10-01",
        "value": "0.02"
    },
    {
        "date": "2011-09-01",
        "value": "0.01"
    },
    {
        "date": "2011-08-01",
        "value": "0.02"
    },
    {
        "date": "2011-07-01",
        "value": "0.04"
    },
    {
        "date": "2011-06-01",
        "value": "0.04"
    },
    {
        "date": "2011-05-01",
        "value": "0.04"
    },
    {
        "date": "2011-04-01",
        "value": "0.06"
    },
    {
        "date": "2011-03-01",
        "value": "0.10"
    },
    {
        "date": "2011-02-01",
        "value": "0.13"
    },
    {
        "date": "2011-01-01",
        "value": "0.15"
    },
    {
        "date": "2010-12-01",
        "value": "0.14"
    },
    {
        "date": "2010-11-01",
        "value": "0.14"
    },
    {
        "date": "2010-10-01",
        "value": "0.13"
    },
    {
        "date": "2010-09-01",
        "value": "0.15"
    },
    {
        "date": "2010-08-01",
        "value": "0.16"
    },
    {
        "date": "2010-07-01",
        "value": "0.16"
    },
    {
        "date": "2010-06-01",
        "value": "0.12"
    },
    {
        "date": "2010-05-01",
        "value": "0.16"
    },
    {
        "date": "2010-04-01",
        "value": "0.16"
    },
    {
        "date": "2010-03-01",
        "value": "0.15"
    },
    {
        "date": "2010-02-01",
        "value": "0.11"
    },
    {
        "date": "2010-01-01",
        "value": "0.06"
    },
    {
        "date": "2009-12-01",
        "value": "0.05"
    },
    {
        "date": "2009-11-01",
        "value": "0.05"
    },
    {
        "date": "2009-10-01",
        "value": "0.07"
    },
    {
        "date": "2009-09-01",
        "value": "0.12"
    },
    {
        "date": "2009-08-01",
        "value": "0.17"
    },
    {
        "date": "2009-07-01",
        "value": "0.18"
    },
    {
        "date": "2009-06-01",
        "value": "0.18"
    },
    {
        "date": "2009-05-01",
        "value": "0.18"
    },
    {
        "date": "2009-04-01",
        "value": "0.16"
    },
    {
        "date": "2009-03-01",
        "value": "0.22"
    },
    {
        "date": "2009-02-01",
        "value": "0.30"
    },
    {
        "date": "2009-01-01",
        "value": "0.13"
    },
    {
        "date": "2008-12-01",
        "value": "0.03"
    },
    {
        "date": "2008-11-01",
        "value": "0.19"
    },
    {
        "date": "2008-10-01",
        "value": "0.69"
    },
    {
        "date": "2008-09-01",
        "value": "1.15"
    },
    {
        "date": "2008-08-01",
        "value": "1.75"
    },
    {
        "date": "2008-07-01",
        "value": "1.66"
    },
    {
        "date": "2008-06-01",
        "value": "1.89"
    },
    {
        "date": "2008-05-01",
        "value": "1.76"
    },
    {
        "date": "2008-04-01",
        "value": "1.31"
    },
    {
        "date": "2008-03-01",
        "value": "1.28"
    },
    {
        "date": "2008-02-01",
        "value": "2.17"
    },
    {
        "date": "2008-01-01",
        "value": "2.82"
    },
    {
        "date": "2007-12-01",
        "value": "3.07"
    },
    {
        "date": "2007-11-01",
        "value": "3.35"
    },
    {
        "date": "2007-10-01",
        "value": "4.00"
    },
    {
        "date": "2007-09-01",
        "value": "3.99"
    },
    {
        "date": "2007-08-01",
        "value": "4.32"
    },
    {
        "date": "2007-07-01",
        "value": "4.96"
    },
    {
        "date": "2007-06-01",
        "value": "4.74"
    },
    {
        "date": "2007-05-01",
        "value": "4.87"
    },
    {
        "date": "2007-04-01",
        "value": "5.01"
    },
    {
        "date": "2007-03-01",
        "value": "5.08"
    },
    {
        "date": "2007-02-01",
        "value": "5.16"
    },
    {
        "date": "2007-01-01",
        "value": "5.11"
    },
    {
        "date": "2006-12-01",
        "value": "4.97"
    },
    {
        "date": "2006-11-01",
        "value": "5.07"
    },
    {
        "date": "2006-10-01",
        "value": "5.05"
    },
    {
        "date": "2006-09-01",
        "value": "4.93"
    },
    {
        "date": "2006-08-01",
        "value": "5.09"
    },
    {
        "date": "2006-07-01",
        "value": "5.08"
    },
    {
        "date": "2006-06-01",
        "value": "4.92"
    },
    {
        "date": "2006-05-01",
        "value": "4.84"
    },
    {
        "date": "2006-04-01",
        "value": "4.72"
    },
    {
        "date": "2006-03-01",
        "value": "4.63"
    },
    {
        "date": "2006-02-01",
        "value": "4.54"
    },
    {
        "date": "2006-01-01",
        "value": "4.34"
    },
    {
        "date": "2005-12-01",
        "value": "3.97"
    },
    {
        "date": "2005-11-01",
        "value": "3.97"
    },
    {
        "date": "2005-10-01",
        "value": "3.79"
    },
    {
        "date": "2005-09-01",
        "value": "3.49"
    },
    {
        "date": "2005-08-01",
        "value": "3.52"
    },
    {
        "date": "2005-07-01",
        "value": "3.29"
    },
    {
        "date": "2005-06-01",
        "value": "3.04"
    },
    {
        "date": "2005-05-01",
        "value": "2.90"
    },
    {
        "date": "2005-04-01",
        "value": "2.84"
    },
    {
        "date": "2005-03-01",
        "value": "2.80"
    },
    {
        "date": "2005-02-01",
        "value": "2.58"
    },
    {
        "date": "2005-01-01",
        "value": "2.37"
    },
    {
        "date": "2004-12-01",
        "value": "2.22"
    },
    {
        "date": "2004-11-01",
        "value": "2.11"
    },
    {
        "date": "2004-10-01",
        "value": "1.79"
    },
    {
        "date": "2004-09-01",
        "value": "1.68"
    },
    {
        "date": "2004-08-01",
        "value": "1.50"
    },
    {
        "date": "2004-07-01",
        "value": "1.36"
    },
    {
        "date": "2004-06-01",
        "value": "1.29"
    },
    {
        "date": "2004-05-01",
        "value": "1.04"
    },
    {
        "date": "2004-04-01",
        "value": "0.96"
    },
    {
        "date": "2004-03-01",
        "value": "0.95"
    },
    {
        "date": "2004-02-01",
        "value": "0.94"
    },
    {
        "date": "2004-01-01",
        "value": "0.90"
    },
    {
        "date": "2003-12-01",
        "value": "0.91"
    },
    {
        "date": "2003-11-01",
        "value": "0.95"
    },
    {
        "date": "2003-10-01",
        "value": "0.94"
    },
    {
        "date": "2003-09-01",
        "value": "0.96"
    },
    {
        "date": "2003-08-01",
        "value": "0.97"
    },
    {
        "date": "2003-07-01",
        "value": "0.92"
    },
    {
        "date": "2003-06-01",
        "value": "0.94"
    },
    {
        "date": "2003-05-01",
        "value": "1.09"
    },
    {
        "date": "2003-04-01",
        "value": "1.15"
    },
    {
        "date": "2003-03-01",
        "value": "1.15"
    },
    {
        "date": "2003-02-01",
        "value": "1.19"
    },
    {
        "date": "2003-01-01",
        "value": "1.19"
    },
    {
        "date": "2002-12-01",
        "value": "1.21"
    },
    {
        "date": "2002-11-01",
        "value": "1.25"
    },
    {
        "date": "2002-10-01",
        "value": "1.61"
    },
    {
        "date": "2002-09-01",
        "value": "1.66"
    },
    {
        "date": "2002-08-01",
        "value": "1.65"
    },
    {
        "date": "2002-07-01",
        "value": "1.71"
    },
    {
        "date": "2002-06-01",
        "value": "1.73"
    },
    {
        "date": "2002-05-01",
        "value": "1.76"
    },
    {
        "date": "2002-04-01",
        "value": "1.75"
    },
    {
        "date": "2002-03-01",
        "value": "1.83"
    },
    {
        "date": "2002-02-01",
        "value": "1.76"
    },
    {
        "date": "2002-01-01",
        "value": "1.68"
    },
    {
        "date": "2001-12-01",
        "value": "1.72"
    },
    {
        "date": "2001-11-01",
        "value": "1.91"
    },
    {
        "date": "2001-10-01",
        "value": "2.20"
    },
    {
        "date": "2001-09-01",
        "value": "2.69"
    },
    {
        "date": "2001-08-01",
        "value": "3.44"
    },
    {
        "date": "2001-07-01",
        "value": "3.59"
    },
    {
        "date": "2001-06-01",
        "value": "3.57"
    },
    {
        "date": "2001-05-01",
        "value": "3.70"
    },
    {
        "date": "2001-04-01",
        "value": "3.97"
    },
    {
        "date": "2001-03-01",
        "value": "4.54"
    },
    {
        "date": "2001-02-01",
        "value": "5.01"
    },
    {
        "date": "2001-01-01",
        "value": "5.29"
    },
    {
        "date": "2000-12-01",
        "value": "5.94"
    },
    {
        "date": "2000-11-01",
        "value": "6.36"
    },
    {
        "date": "2000-10-01",
        "value": "6.29"
    },
    {
        "date": "2000-09-01",
        "value": "6.18"
    },
    {
        "date": "2000-08-01",
        "value": "6.28"
    },
    {
        "date": "2000-07-01",
        "value": "6.14"
    },
    {
        "date": "2000-06-01",
        "value": "5.86"
    },
    {
        "date": "2000-05-01",
        "value": "5.99"
    },
    {
        "date": "2000-04-01",
        "value": "5.82"
    },
    {
        "date": "2000-03-01",
        "value": "5.86"
    },
    {
        "date": "2000-02-01",
        "value": "5.73"
    },
    {
        "date": "2000-01-01",
        "value": "5.50"
    },
    {
        "date": "1999-12-01",
        "value": "5.36"
    },
    {
        "date": "1999-11-01",
        "value": "5.23"
    },
    {
        "date": "1999-10-01",
        "value": "5.02"
    },
    {
        "date": "1999-09-01",
        "value": "4.82"
    },
    {
        "date": "1999-08-01",
        "value": "4.87"
    },
    {
        "date": "1999-07-01",
        "value": "4.69"
    },
    {
        "date": "1999-06-01",
        "value": "4.72"
    },
    {
        "date": "1999-05-01",
        "value": "4.63"
    },
    {
        "date": "1999-04-01",
        "value": "4.41"
    },
    {
        "date": "1999-03-01",
        "value": "4.57"
    },
    {
        "date": "1999-02-01",
        "value": "4.56"
    },
    {
        "date": "1999-01-01",
        "value": "4.45"
    },
    {
        "date": "1998-12-01",
        "value": "4.50"
    },
    {
        "date": "1998-11-01",
        "value": "4.53"
    },
    {
        "date": "1998-10-01",
        "value": "4.07"
    },
    {
        "date": "1998-09-01",
        "value": "4.74"
    },
    {
        "date": "1998-08-01",
        "value": "5.04"
    },
    {
        "date": "1998-07-01",
        "value": "5.09"
    },
    {
        "date": "1998-06-01",
        "value": "5.12"
    },
    {
        "date": "1998-05-01",
        "value": "5.14"
    },
    {
        "date": "1998-04-01",
        "value": "5.08"
    },
    {
        "date": "1998-03-01",
        "value": "5.16"
    },
    {
        "date": "1998-02-01",
        "value": "5.23"
    },
    {
        "date": "1998-01-01",
        "value": "5.18"
    },
    {
        "date": "1997-12-01",
        "value": "5.30"
    },
    {
        "date": "1997-11-01",
        "value": "5.28"
    },
    {
        "date": "1997-10-01",
        "value": "5.11"
    },
    {
        "date": "1997-09-01",
        "value": "5.08"
    },
    {
        "date": "1997-08-01",
        "value": "5.28"
    },
    {
        "date": "1997-07-01",
        "value": "5.19"
    },
    {
        "date": "1997-06-01",
        "value": "5.07"
    },
    {
        "date": "1997-05-01",
        "value": "5.20"
    },
    {
        "date": "1997-04-01",
        "value": "5.30"
    },
    {
        "date": "1997-03-01",
        "value": "5.28"
    },
    {
        "date": "1997-02-01",
        "value": "5.14"
    },
    {
        "date": "1997-01-01",
        "value": "5.17"
    },
    {
        "date": "1996-12-01",
        "value": "5.04"
    },
    {
        "date": "1996-11-01",
        "value": "5.17"
    },
    {
        "date": "1996-10-01",
        "value": "5.12"
    },
    {
        "date": "1996-09-01",
        "value": "5.24"
    },
    {
        "date": "1996-08-01",
        "value": "5.19"
    },
    {
        "date": "1996-07-01",
        "value": "5.30"
    },
    {
        "date": "1996-06-01",
        "value": "5.23"
    },
    {
        "date": "1996-05-01",
        "value": "5.15"
    },
    {
        "date": "1996-04-01",
        "value": "5.09"
    },
    {
        "date": "1996-03-01",
        "value": "5.10"
    },
    {
        "date": "1996-02-01",
        "value": "4.96"
    },
    {
        "date": "1996-01-01",
        "value": "5.15"
    },
    {
        "date": "1995-12-01",
        "value": "5.29"
    },
    {
        "date": "1995-11-01",
        "value": "5.52"
    },
    {
        "date": "1995-10-01",
        "value": "5.44"
    },
    {
        "date": "1995-09-01",
        "value": "5.43"
    },
    {
        "date": "1995-08-01",
        "value": "5.57"
    },
    {
        "date": "1995-07-01",
        "value": "5.59"
    },
    {
        "date": "1995-06-01",
        "value": "5.64"
    },
    {
        "date": "1995-05-01",
        "value": "5.85"
    },
    {
        "date": "1995-04-01",
        "value": "5.84"
    },
    {
        "date": "1995-03-01",
        "value": "5.91"
    },
    {
        "date": "1995-02-01",
        "value": "5.94"
    },
    {
        "date": "1995-01-01",
        "value": "5.90"
    },
    {
        "date": "1994-12-01",
        "value": "5.76"
    },
    {
        "date": "1994-11-01",
        "value": "5.45"
    },
    {
        "date": "1994-10-01",
        "value": "5.10"
    },
    {
        "date": "1994-09-01",
        "value": "4.75"
    },
    {
        "date": "1994-08-01",
        "value": "4.61"
    },
    {
        "date": "1994-07-01",
        "value": "4.46"
    },
    {
        "date": "1994-06-01",
        "value": "4.25"
    },
    {
        "date": "1994-05-01",
        "value": "4.27"
    },
    {
        "date": "1994-04-01",
        "value": "3.78"
    },
    {
        "date": "1994-03-01",
        "value": "3.59"
    },
    {
        "date": "1994-02-01",
        "value": "3.33"
    },
    {
        "date": "1994-01-01",
        "value": "3.04"
    },
    {
        "date": "1993-12-01",
        "value": "3.13"
    },
    {
        "date": "1993-11-01",
        "value": "3.18"
    },
    {
        "date": "1993-10-01",
        "value": "3.09"
    },
    {
        "date": "1993-09-01",
        "value": "3.01"
    },
    {
        "date": "1993-08-01",
        "value": "3.09"
    },
    {
        "date": "1993-07-01",
        "value": "3.11"
    },
    {
        "date": "1993-06-01",
        "value": "3.14"
    },
    {
        "date": "1993-05-01",
        "value": "3.03"
    },
    {
        "date": "1993-04-01",
        "value": "2.93"
    },
    {
        "date": "1993-03-01",
        "value": "3.01"
    },
    {
        "date": "1993-02-01",
        "value": "2.99"
    },
    {
        "date": "1993-01-01",
        "value": "3.07"
    },
    {
        "date": "1992-12-01",
        "value": "3.29"
    },
    {
        "date": "1992-11-01",
        "value": "3.21"
    },
    {
        "date": "1992-10-01",
        "value": "2.93"
    },
    {
        "date": "1992-09-01",
        "value": "2.97"
    },
    {
        "date": "1992-08-01",
        "value": "3.20"
    },
    {
        "date": "1992-07-01",
        "value": "3.28"
    },
    {
        "date": "1992-06-01",
        "value": "3.75"
    },
    {
        "date": "1992-05-01",
        "value": "3.72"
    },
    {
        "date": "1992-04-01",
        "value": "3.84"
    },
    {
        "date": "1992-03-01",
        "value": "4.14"
    },
    {
        "date": "1992-02-01",
        "value": "3.95"
    },
    {
        "date": "1992-01-01",
        "value": "3.91"
    },
    {
        "date": "1991-12-01",
        "value": "4.18"
    },
    {
        "date": "1991-11-01",
        "value": "4.69"
    },
    {
        "date": "1991-10-01",
        "value": "5.14"
    },
    {
        "date": "1991-09-01",
        "value": "5.37"
    },
    {
        "date": "1991-08-01",
        "value": "5.50"
    },
    {
        "date": "1991-07-01",
        "value": "5.75"
    },
    {
        "date": "1991-06-01",
        "value": "5.75"
    },
    {
        "date": "1991-05-01",
        "value": "5.63"
    },
    {
        "date": "1991-04-01",
        "value": "5.83"
    },
    {
        "date": "1991-03-01",
        "value": "6.09"
    },
    {
        "date": "1991-02-01",
        "value": "6.12"
    },
    {
        "date": "1991-01-01",
        "value": "6.41"
    },
    {
        "date": "1990-12-01",
        "value": "6.95"
    },
    {
        "date": "1990-11-01",
        "value": "7.29"
    },
    {
        "date": "1990-10-01",
        "value": "7.40"
    },
    {
        "date": "1990-09-01",
        "value": "7.60"
    },
    {
        "date": "1990-08-01",
        "value": "7.69"
    },
    {
        "date": "1990-07-01",
        "value": "7.87"
    },
    {
        "date": "1990-06-01",
        "value": "7.99"
    },
    {
        "date": "1990-05-01",
        "value": "8.01"
    },
    {
        "date": "1990-04-01",
        "value": "8.04"
    },
    {
        "date": "1990-03-01",
        "value": "8.17"
    },
    {
        "date": "1990-02-01",
        "value": "8.00"
    },
    {
        "date": "1990-01-01",
        "value": "7.90"
    },
    {
        "date": "1989-12-01",
        "value": "7.88"
    },
    {
        "date": "1989-11-01",
        "value": "7.94"
    },
    {
        "date": "1989-10-01",
        "value": "7.90"
    },
    {
        "date": "1989-09-01",
        "value": "8.01"
    },
    {
        "date": "1989-08-01",
        "value": "8.17"
    },
    {
        "date": "1989-07-01",
        "value": "8.15"
    },
    {
        "date": "1989-06-01",
        "value": "8.43"
    },
    {
        "date": "1989-05-01",
        "value": "8.74"
    },
    {
        "date": "1989-04-01",
        "value": "8.96"
    },
    {
        "date": "1989-03-01",
        "value": "9.14"
    },
    {
        "date": "1989-02-01",
        "value": "8.84"
    },
    {
        "date": "1989-01-01",
        "value": "8.56"
    },
    {
        "date": "1988-12-01",
        "value": "8.35"
    },
    {
        "date": "1988-11-01",
        "value": "8.03"
    },
    {
        "date": "1988-10-01",
        "value": "7.60"
    },
    {
        "date": "1988-09-01",
        "value": "7.48"
    },
    {
        "date": "1988-08-01",
        "value": "7.30"
    },
    {
        "date": "1988-07-01",
        "value": "6.95"
    },
    {
        "date": "1988-06-01",
        "value": "6.66"
    },
    {
        "date": "1988-05-01",
        "value": "6.45"
    },
    {
        "date": "1988-04-01",
        "value": "6.08"
    },
    {
        "date": "1988-03-01",
        "value": "5.87"
    },
    {
        "date": "1988-02-01",
        "value": "5.84"
    },
    {
        "date": "1988-01-01",
        "value": "6.00"
    },
    {
        "date": "1987-12-01",
        "value": "5.96"
    },
    {
        "date": "1987-11-01",
        "value": "5.89"
    },
    {
        "date": "1987-10-01",
        "value": "6.35"
    },
    {
        "date": "1987-09-01",
        "value": "6.62"
    },
    {
        "date": "1987-08-01",
        "value": "6.23"
    },
    {
        "date": "1987-07-01",
        "value": "5.88"
    },
    {
        "date": "1987-06-01",
        "value": "5.85"
    },
    {
        "date": "1987-05-01",
        "value": "5.85"
    },
    {
        "date": "1987-04-01",
        "value": "5.82"
    },
    {
        "date": "1987-03-01",
        "value": "5.77"
    },
    {
        "date": "1987-02-01",
        "value": "5.75"
    },
    {
        "date": "1987-01-01",
        "value": "5.58"
    },
    {
        "date": "1986-12-01",
        "value": "5.68"
    },
    {
        "date": "1986-11-01",
        "value": "5.50"
    },
    {
        "date": "1986-10-01",
        "value": "5.32"
    },
    {
        "date": "1986-09-01",
        "value": "5.35"
    },
    {
        "date": "1986-08-01",
        "value": "5.69"
    },
    {
        "date": "1986-07-01",
        "value": "6.00"
    },
    {
        "date": "1986-06-01",
        "value": "6.40"
    },
    {
        "date": "1986-05-01",
        "value": "6.33"
    },
    {
        "date": "1986-04-01",
        "value": "6.24"
    },
    {
        "date": "1986-03-01",
        "value": "6.76"
    },
    {
        "date": "1986-02-01",
        "value": "7.29"
    },
    {
        "date": "1986-01-01",
        "value": "7.30"
    },
    {
        "date": "1985-12-01",
        "value": "7.33"
    },
    {
        "date": "1985-11-01",
        "value": "7.48"
    },
    {
        "date": "1985-10-01",
        "value": "7.40"
    },
    {
        "date": "1985-09-01",
        "value": "7.33"
    },
    {
        "date": "1985-08-01",
        "value": "7.37"
    },
    {
        "date": "1985-07-01",
        "value": "7.32"
    },
    {
        "date": "1985-06-01",
        "value": "7.18"
    },
    {
        "date": "1985-05-01",
        "value": "7.73"
    },
    {
        "date": "1985-04-01",
        "value": "8.22"
    },
    {
        "date": "1985-03-01",
        "value": "8.83"
    },
    {
        "date": "1985-02-01",
        "value": "8.56"
    },
    {
        "date": "1985-01-01",
        "value": "8.02"
    },
    {
        "date": "1984-12-01",
        "value": "8.34"
    },
    {
        "date": "1984-11-01",
        "value": "8.92"
    },
    {
        "date": "1984-10-01",
        "value": "10.12"
    },
    {
        "date": "1984-09-01",
        "value": "10.80"
    },
    {
        "date": "1984-08-01",
        "value": "10.90"
    },
    {
        "date": "1984-07-01",
        "value": "10.53"
    },
    {
        "date": "1984-06-01",
        "value": "10.26"
    },
    {
        "date": "1984-05-01",
        "value": "10.22"
    },
    {
        "date": "1984-04-01",
        "value": "10.07"
    },
    {
        "date": "1984-03-01",
        "value": "9.89"
    },
    {
        "date": "1984-02-01",
        "value": "9.46"
    },
    {
        "date": "1984-01-01",
        "value": "9.26"
    },
    {
        "date": "1983-12-01",
        "value": "9.36"
    },
    {
        "date": "1983-11-01",
        "value": "9.11"
    },
    {
        "date": "1983-10-01",
        "value": "8.99"
    },
    {
        "date": "1983-09-01",
        "value": "9.36"
    },
    {
        "date": "1983-08-01",
        "value": "9.74"
    },
    {
        "date": "1983-07-01",
        "value": "9.45"
    },
    {
        "date": "1983-06-01",
        "value": "9.14"
    },
    {
        "date": "1983-05-01",
        "value": "8.50"
    },
    {
        "date": "1983-04-01",
        "value": "8.51"
    },
    {
        "date": "1983-03-01",
        "value": "8.66"
    },
    {
        "date": "1983-02-01",
        "value": "8.39"
    },
    {
        "date": "1983-01-01",
        "value": "8.12"
    },
    {
        "date": "1982-12-01",
        "value": "8.20"
    },
    {
        "date": "1982-11-01",
        "value": "8.35"
    },
    {
        "date": "1982-10-01",
        "value": "7.97"
    },
    {
        "date": "1982-09-01",
        "value": "8.19"
    },
    {
        "date": "1982-08-01",
        "value": "9.00"
    },
    {
        "date": "1982-07-01",
        "value": "11.86"
    },
    {
        "date": "1982-06-01",
        "value": "13.08"
    },
    {
        "date": "1982-05-01",
        "value": "12.71"
    },
    {
        "date": "1982-04-01",
        "value": "13.34"
    },
    {
        "date": "1982-03-01",
        "value": "13.31"
    },
    {
        "date": "1982-02-01",
        "value": "14.28"
    },
    {
        "date": "1982-01-01",
        "value": "12.92"
    },
    {
        "date": "1981-12-01",
        "value": "11.32"
    },
    {
        "date": "1981-11-01",
        "value": "11.35"
    },
    {
        "date": "1981-10-01",
        "value": "14.23"
    },
    {
        "date": "1981-09-01",
        "value": "15.61"
    }
]