[
    {
        "date": "2024-10-01",
        "value": "160007"
    },
    {
        "date": "2024-09-01",
        "value": "159181"
    },
    {
        "date": "2024-08-01",
        "value": "158731"
    },
    {
        "date": "2024-07-01",
        "value": "158399"
    },
    {
        "date": "2024-06-01",
        "value": "159341"
    },
    {
        "date": "2024-05-01",
        "value": "158842"
    },
    {
        "date": "2024-04-01",
        "value": "158001"
    },
    {
        "date": "2024-03-01",
        "value": "157210"
    },
    {
        "date": "2024-02-01",
        "value": "156551"
    },
    {
        "date": "2024-01-01",
        "value": "155432"
    },
    {
        "date": "2023-12-01",
        "value": "158269"
    },
    {
        "date": "2023-11-01",
        "value": "158347"
    },
    {
        "date": "2023-10-01",
        "value": "157878"
    },
    {
        "date": "2023-09-01",
        "value": "156845"
    },
    {
        "date": "2023-08-01",
        "value": "156355"
    },
    {
        "date": "2023-07-01",
        "value": "155981"
    },
    {
        "date": "2023-06-01",
        "value": "156842"
    },
    {
        "date": "2023-05-01",
        "value": "156132"
    },
    {
        "date": "2023-04-01",
        "value": "155201"
    },
    {
        "date": "2023-03-01",
        "value": "154253"
    },
    {
        "date": "2023-02-01",
        "value": "153817"
    },
    {
        "date": "2023-01-01",
        "value": "152688"
    },
    {
        "date": "2022-12-01",
        "value": "155211"
    },
    {
        "date": "2022-11-01",
        "value": "155519"
    },
    {
        "date": "2022-10-01",
        "value": "154936"
    },
    {
        "date": "2022-09-01",
        "value": "153730"
    },
    {
        "date": "2022-08-01",
        "value": "153208"
    },
    {
        "date": "2022-07-01",
        "value": "152813"
    },
    {
        "date": "2022-06-01",
        "value": "153175"
    },
    {
        "date": "2022-05-01",
        "value": "152264"
    },
    {
        "date": "2022-04-01",
        "value": "151434"
    },
    {
        "date": "2022-03-01",
        "value": "150411"
    },
    {
        "date": "2022-02-01",
        "value": "149606"
    },
    {
        "date": "2022-01-01",
        "value": "147932"
    },
    {
        "date": "2021-12-01",
        "value": "150740"
    },
    {
        "date": "2021-11-01",
        "value": "150543"
    },
    {
        "date": "2021-10-01",
        "value": "149605"
    },
    {
        "date": "2021-09-01",
        "value": "147917"
    },
    {
        "date": "2021-08-01",
        "value": "147159"
    },
    {
        "date": "2021-07-01",
        "value": "146619"
    },
    {
        "date": "2021-06-01",
        "value": "146626"
    },
    {
        "date": "2021-05-01",
        "value": "145392"
    },
    {
        "date": "2021-04-01",
        "value": "144402"
    },
    {
        "date": "2021-03-01",
        "value": "143308"
    },
    {
        "date": "2021-02-01",
        "value": "142129"
    },
    {
        "date": "2021-01-01",
        "value": "140974"
    },
    {
        "date": "2020-12-01",
        "value": "143604"
    },
    {
        "date": "2020-11-01",
        "value": "144116"
    },
    {
        "date": "2020-10-01",
        "value": "143564"
    },
    {
        "date": "2020-09-01",
        "value": "141957"
    },
    {
        "date": "2020-08-01",
        "value": "140727"
    },
    {
        "date": "2020-07-01",
        "value": "139105"
    },
    {
        "date": "2020-06-01",
        "value": "138507"
    },
    {
        "date": "2020-05-01",
        "value": "133422"
    },
    {
        "date": "2020-04-01",
        "value": "130253"
    },
    {
        "date": "2020-03-01",
        "value": "149952"
    },
    {
        "date": "2020-02-01",
        "value": "150967"
    },
    {
        "date": "2020-01-01",
        "value": "150056"
    },
    {
        "date": "2019-12-01",
        "value": "152845"
    },
    {
        "date": "2019-11-01",
        "value": "153095"
    },
    {
        "date": "2019-10-01",
        "value": "152500"
    },
    {
        "date": "2019-09-01",
        "value": "151510"
    },
    {
        "date": "2019-08-01",
        "value": "151094"
    },
    {
        "date": "2019-07-01",
        "value": "150658"
    },
    {
        "date": "2019-06-01",
        "value": "151714"
    },
    {
        "date": "2019-05-01",
        "value": "151093"
    },
    {
        "date": "2019-04-01",
        "value": "150422"
    },
    {
        "date": "2019-03-01",
        "value": "149360"
    },
    {
        "date": "2019-02-01",
        "value": "148683"
    },
    {
        "date": "2019-01-01",
        "value": "147878"
    },
    {
        "date": "2018-12-01",
        "value": "150831"
    },
    {
        "date": "2018-11-01",
        "value": "151032"
    },
    {
        "date": "2018-10-01",
        "value": "150553"
    },
    {
        "date": "2018-09-01",
        "value": "149545"
    },
    {
        "date": "2018-08-01",
        "value": "149236"
    },
    {
        "date": "2018-07-01",
        "value": "148767"
    },
    {
        "date": "2018-06-01",
        "value": "149930"
    },
    {
        "date": "2018-05-01",
        "value": "149264"
    },
    {
        "date": "2018-04-01",
        "value": "148329"
    },
    {
        "date": "2018-03-01",
        "value": "147352"
    },
    {
        "date": "2018-02-01",
        "value": "146649"
    },
    {
        "date": "2018-01-01",
        "value": "145412"
    },
    {
        "date": "2017-12-01",
        "value": "148509"
    },
    {
        "date": "2017-11-01",
        "value": "148758"
    },
    {
        "date": "2017-10-01",
        "value": "148182"
    },
    {
        "date": "2017-09-01",
        "value": "147169"
    },
    {
        "date": "2017-08-01",
        "value": "146782"
    },
    {
        "date": "2017-07-01",
        "value": "146464"
    },
    {
        "date": "2017-06-01",
        "value": "147566"
    },
    {
        "date": "2017-05-01",
        "value": "146924"
    },
    {
        "date": "2017-04-01",
        "value": "146086"
    },
    {
        "date": "2017-03-01",
        "value": "145062"
    },
    {
        "date": "2017-02-01",
        "value": "144405"
    },
    {
        "date": "2017-01-01",
        "value": "143376"
    },
    {
        "date": "2016-12-01",
        "value": "146252"
    },
    {
        "date": "2016-11-01",
        "value": "146465"
    },
    {
        "date": "2016-10-01",
        "value": "146032"
    },
    {
        "date": "2016-09-01",
        "value": "145150"
    },
    {
        "date": "2016-08-01",
        "value": "144485"
    },
    {
        "date": "2016-07-01",
        "value": "144232"
    },
    {
        "date": "2016-06-01",
        "value": "145205"
    },
    {
        "date": "2016-05-01",
        "value": "144540"
    },
    {
        "date": "2016-04-01",
        "value": "143893"
    },
    {
        "date": "2016-03-01",
        "value": "142797"
    },
    {
        "date": "2016-02-01",
        "value": "141901"
    },
    {
        "date": "2016-01-01",
        "value": "141072"
    },
    {
        "date": "2015-12-01",
        "value": "144045"
    },
    {
        "date": "2015-11-01",
        "value": "144049"
    },
    {
        "date": "2015-10-01",
        "value": "143626"
    },
    {
        "date": "2015-09-01",
        "value": "142477"
    },
    {
        "date": "2015-08-01",
        "value": "141921"
    },
    {
        "date": "2015-07-01",
        "value": "141729"
    },
    {
        "date": "2015-06-01",
        "value": "142681"
    },
    {
        "date": "2015-05-01",
        "value": "142205"
    },
    {
        "date": "2015-04-01",
        "value": "141264"
    },
    {
        "date": "2015-03-01",
        "value": "140080"
    },
    {
        "date": "2015-02-01",
        "value": "139323"
    },
    {
        "date": "2015-01-01",
        "value": "138491"
    },
    {
        "date": "2014-12-01",
        "value": "141306"
    },
    {
        "date": "2014-11-01",
        "value": "141314"
    },
    {
        "date": "2014-10-01",
        "value": "140848"
    },
    {
        "date": "2014-09-01",
        "value": "139793"
    },
    {
        "date": "2014-08-01",
        "value": "139105"
    },
    {
        "date": "2014-07-01",
        "value": "138727"
    },
    {
        "date": "2014-06-01",
        "value": "139804"
    },
    {
        "date": "2014-05-01",
        "value": "139217"
    },
    {
        "date": "2014-04-01",
        "value": "138306"
    },
    {
        "date": "2014-03-01",
        "value": "137169"
    },
    {
        "date": "2014-02-01",
        "value": "136211"
    },
    {
        "date": "2014-01-01",
        "value": "135471"
    },
    {
        "date": "2013-12-01",
        "value": "138274"
    },
    {
        "date": "2013-11-01",
        "value": "138525"
    },
    {
        "date": "2013-10-01",
        "value": "138001"
    },
    {
        "date": "2013-09-01",
        "value": "137077"
    },
    {
        "date": "2013-08-01",
        "value": "136471"
    },
    {
        "date": "2013-07-01",
        "value": "136034"
    },
    {
        "date": "2013-06-01",
        "value": "137209"
    },
    {
        "date": "2013-05-01",
        "value": "136797"
    },
    {
        "date": "2013-04-01",
        "value": "135905"
    },
    {
        "date": "2013-03-01",
        "value": "134901"
    },
    {
        "date": "2013-02-01",
        "value": "134102"
    },
    {
        "date": "2013-01-01",
        "value": "133063"
    },
    {
        "date": "2012-12-01",
        "value": "135947"
    },
    {
        "date": "2012-11-01",
        "value": "136023"
    },
    {
        "date": "2012-10-01",
        "value": "135633"
    },
    {
        "date": "2012-09-01",
        "value": "134783"
    },
    {
        "date": "2012-08-01",
        "value": "134156"
    },
    {
        "date": "2012-07-01",
        "value": "133778"
    },
    {
        "date": "2012-06-01",
        "value": "134986"
    },
    {
        "date": "2012-05-01",
        "value": "134648"
    },
    {
        "date": "2012-04-01",
        "value": "133836"
    },
    {
        "date": "2012-03-01",
        "value": "132954"
    },
    {
        "date": "2012-02-01",
        "value": "132050"
    },
    {
        "date": "2012-01-01",
        "value": "131094"
    },
    {
        "date": "2011-12-01",
        "value": "133701"
    },
    {
        "date": "2011-11-01",
        "value": "133876"
    },
    {
        "date": "2011-10-01",
        "value": "133540"
    },
    {
        "date": "2011-09-01",
        "value": "132617"
    },
    {
        "date": "2011-08-01",
        "value": "131870"
    },
    {
        "date": "2011-07-01",
        "value": "131599"
    },
    {
        "date": "2011-06-01",
        "value": "132871"
    },
    {
        "date": "2011-05-01",
        "value": "132382"
    },
    {
        "date": "2011-04-01",
        "value": "131698"
    },
    {
        "date": "2011-03-01",
        "value": "130482"
    },
    {
        "date": "2011-02-01",
        "value": "129576"
    },
    {
        "date": "2011-01-01",
        "value": "128760"
    },
    {
        "date": "2010-12-01",
        "value": "131622"
    },
    {
        "date": "2010-11-01",
        "value": "131930"
    },
    {
        "date": "2010-10-01",
        "value": "131624"
    },
    {
        "date": "2010-09-01",
        "value": "130650"
    },
    {
        "date": "2010-08-01",
        "value": "130158"
    },
    {
        "date": "2010-07-01",
        "value": "130094"
    },
    {
        "date": "2010-06-01",
        "value": "131431"
    },
    {
        "date": "2010-05-01",
        "value": "131313"
    },
    {
        "date": "2010-04-01",
        "value": "130195"
    },
    {
        "date": "2010-03-01",
        "value": "129073"
    },
    {
        "date": "2010-02-01",
        "value": "128240"
    },
    {
        "date": "2010-01-01",
        "value": "127804"
    },
    {
        "date": "2009-12-01",
        "value": "130673"
    },
    {
        "date": "2009-11-01",
        "value": "131220"
    },
    {
        "date": "2009-10-01",
        "value": "131172"
    },
    {
        "date": "2009-09-01",
        "value": "130571"
    },
    {
        "date": "2009-08-01",
        "value": "130216"
    },
    {
        "date": "2009-07-01",
        "value": "130337"
    },
    {
        "date": "2009-06-01",
        "value": "131933"
    },
    {
        "date": "2009-05-01",
        "value": "132114"
    },
    {
        "date": "2009-04-01",
        "value": "131842"
    },
    {
        "date": "2009-03-01",
        "value": "131659"
    },
    {
        "date": "2009-02-01",
        "value": "131792"
    },
    {
        "date": "2009-01-01",
        "value": "132021"
    },
    {
        "date": "2008-12-01",
        "value": "135713"
    },
    {
        "date": "2008-11-01",
        "value": "136744"
    },
    {
        "date": "2008-10-01",
        "value": "137424"
    },
    {
        "date": "2008-09-01",
        "value": "137130"
    },
    {
        "date": "2008-08-01",
        "value": "137077"
    },
    {
        "date": "2008-07-01",
        "value": "137184"
    },
    {
        "date": "2008-06-01",
        "value": "138665"
    },
    {
        "date": "2008-05-01",
        "value": "138470"
    },
    {
        "date": "2008-04-01",
        "value": "137894"
    },
    {
        "date": "2008-03-01",
        "value": "137361"
    },
    {
        "date": "2008-02-01",
        "value": "136770"
    },
    {
        "date": "2008-01-01",
        "value": "136252"
    },
    {
        "date": "2007-12-01",
        "value": "139279"
    },
    {
        "date": "2007-11-01",
        "value": "139494"
    },
    {
        "date": "2007-10-01",
        "value": "139181"
    },
    {
        "date": "2007-09-01",
        "value": "138435"
    },
    {
        "date": "2007-08-01",
        "value": "137872"
    },
    {
        "date": "2007-07-01",
        "value": "137760"
    },
    {
        "date": "2007-06-01",
        "value": "139156"
    },
    {
        "date": "2007-05-01",
        "value": "138654"
    },
    {
        "date": "2007-04-01",
        "value": "137712"
    },
    {
        "date": "2007-03-01",
        "value": "136907"
    },
    {
        "date": "2007-02-01",
        "value": "136008"
    },
    {
        "date": "2007-01-01",
        "value": "135317"
    },
    {
        "date": "2006-12-01",
        "value": "138107"
    },
    {
        "date": "2006-11-01",
        "value": "138217"
    },
    {
        "date": "2006-10-01",
        "value": "137831"
    },
    {
        "date": "2006-09-01",
        "value": "137129"
    },
    {
        "date": "2006-08-01",
        "value": "136462"
    },
    {
        "date": "2006-07-01",
        "value": "136256"
    },
    {
        "date": "2006-06-01",
        "value": "137432"
    },
    {
        "date": "2006-05-01",
        "value": "136927"
    },
    {
        "date": "2006-04-01",
        "value": "136124"
    },
    {
        "date": "2006-03-01",
        "value": "135209"
    },
    {
        "date": "2006-02-01",
        "value": "134229"
    },
    {
        "date": "2006-01-01",
        "value": "133302"
    },
    {
        "date": "2005-12-01",
        "value": "135954"
    },
    {
        "date": "2005-11-01",
        "value": "136158"
    },
    {
        "date": "2005-10-01",
        "value": "135599"
    },
    {
        "date": "2005-09-01",
        "value": "134869"
    },
    {
        "date": "2005-08-01",
        "value": "134244"
    },
    {
        "date": "2005-07-01",
        "value": "133993"
    },
    {
        "date": "2005-06-01",
        "value": "135053"
    },
    {
        "date": "2005-05-01",
        "value": "134384"
    },
    {
        "date": "2005-04-01",
        "value": "133571"
    },
    {
        "date": "2005-03-01",
        "value": "132358"
    },
    {
        "date": "2005-02-01",
        "value": "131519"
    },
    {
        "date": "2005-01-01",
        "value": "130695"
    },
    {
        "date": "2004-12-01",
        "value": "133399"
    },
    {
        "date": "2004-11-01",
        "value": "133630"
    },
    {
        "date": "2004-10-01",
        "value": "133380"
    },
    {
        "date": "2004-09-01",
        "value": "132398"
    },
    {
        "date": "2004-08-01",
        "value": "131685"
    },
    {
        "date": "2004-07-01",
        "value": "131664"
    },
    {
        "date": "2004-06-01",
        "value": "132824"
    },
    {
        "date": "2004-05-01",
        "value": "132380"
    },
    {
        "date": "2004-04-01",
        "value": "131477"
    },
    {
        "date": "2004-03-01",
        "value": "130361"
    },
    {
        "date": "2004-02-01",
        "value": "129320"
    },
    {
        "date": "2004-01-01",
        "value": "128709"
    },
    {
        "date": "2003-12-01",
        "value": "131368"
    },
    {
        "date": "2003-11-01",
        "value": "131548"
    },
    {
        "date": "2003-10-01",
        "value": "131383"
    },
    {
        "date": "2003-09-01",
        "value": "130590"
    },
    {
        "date": "2003-08-01",
        "value": "129935"
    },
    {
        "date": "2003-07-01",
        "value": "129884"
    },
    {
        "date": "2003-06-01",
        "value": "131221"
    },
    {
        "date": "2003-05-01",
        "value": "130892"
    },
    {
        "date": "2003-04-01",
        "value": "130131"
    },
    {
        "date": "2003-03-01",
        "value": "129474"
    },
    {
        "date": "2003-02-01",
        "value": "128977"
    },
    {
        "date": "2003-01-01",
        "value": "128561"
    },
    {
        "date": "2002-12-01",
        "value": "131242"
    },
    {
        "date": "2002-11-01",
        "value": "131651"
    },
    {
        "date": "2002-10-01",
        "value": "131530"
    },
    {
        "date": "2002-09-01",
        "value": "130859"
    },
    {
        "date": "2002-08-01",
        "value": "130341"
    },
    {
        "date": "2002-07-01",
        "value": "130255"
    },
    {
        "date": "2002-06-01",
        "value": "131695"
    },
    {
        "date": "2002-05-01",
        "value": "131314"
    },
    {
        "date": "2002-04-01",
        "value": "130543"
    },
    {
        "date": "2002-03-01",
        "value": "129955"
    },
    {
        "date": "2002-02-01",
        "value": "129347"
    },
    {
        "date": "2002-01-01",
        "value": "128876"
    },
    {
        "date": "2001-12-01",
        "value": "131758"
    },
    {
        "date": "2001-11-01",
        "value": "132142"
    },
    {
        "date": "2001-10-01",
        "value": "132329"
    },
    {
        "date": "2001-09-01",
        "value": "132128"
    },
    {
        "date": "2001-08-01",
        "value": "131860"
    },
    {
        "date": "2001-07-01",
        "value": "131931"
    },
    {
        "date": "2001-06-01",
        "value": "133421"
    },
    {
        "date": "2001-05-01",
        "value": "133042"
    },
    {
        "date": "2001-04-01",
        "value": "132335"
    },
    {
        "date": "2001-03-01",
        "value": "131929"
    },
    {
        "date": "2001-02-01",
        "value": "131334"
    },
    {
        "date": "2001-01-01",
        "value": "130667"
    },
    {
        "date": "2000-12-01",
        "value": "133541"
    },
    {
        "date": "2000-11-01",
        "value": "133601"
    },
    {
        "date": "2000-10-01",
        "value": "133236"
    },
    {
        "date": "2000-09-01",
        "value": "132677"
    },
    {
        "date": "2000-08-01",
        "value": "132009"
    },
    {
        "date": "2000-07-01",
        "value": "131997"
    },
    {
        "date": "2000-06-01",
        "value": "133218"
    },
    {
        "date": "2000-05-01",
        "value": "132706"
    },
    {
        "date": "2000-04-01",
        "value": "131749"
    },
    {
        "date": "2000-03-01",
        "value": "130752"
    },
    {
        "date": "2000-02-01",
        "value": "129655"
    },
    {
        "date": "2000-01-01",
        "value": "128993"
    },
    {
        "date": "1999-12-01",
        "value": "131633"
    },
    {
        "date": "1999-11-01",
        "value": "131496"
    },
    {
        "date": "1999-10-01",
        "value": "131038"
    },
    {
        "date": "1999-09-01",
        "value": "130102"
    },
    {
        "date": "1999-08-01",
        "value": "129325"
    },
    {
        "date": "1999-07-01",
        "value": "129268"
    },
    {
        "date": "1999-06-01",
        "value": "130137"
    },
    {
        "date": "1999-05-01",
        "value": "129412"
    },
    {
        "date": "1999-04-01",
        "value": "128544"
    },
    {
        "date": "1999-03-01",
        "value": "127399"
    },
    {
        "date": "1999-02-01",
        "value": "126684"
    },
    {
        "date": "1999-01-01",
        "value": "125697"
    },
    {
        "date": "1998-12-01",
        "value": "128448"
    },
    {
        "date": "1998-11-01",
        "value": "128278"
    },
    {
        "date": "1998-10-01",
        "value": "127877"
    },
    {
        "date": "1998-09-01",
        "value": "127098"
    },
    {
        "date": "1998-08-01",
        "value": "126287"
    },
    {
        "date": "1998-07-01",
        "value": "126047"
    },
    {
        "date": "1998-06-01",
        "value": "127118"
    },
    {
        "date": "1998-05-01",
        "value": "126456"
    },
    {
        "date": "1998-04-01",
        "value": "125372"
    },
    {
        "date": "1998-03-01",
        "value": "124332"
    },
    {
        "date": "1998-02-01",
        "value": "123608"
    },
    {
        "date": "1998-01-01",
        "value": "122832"
    },
    {
        "date": "1997-12-01",
        "value": "125383"
    },
    {
        "date": "1997-11-01",
        "value": "125245"
    },
    {
        "date": "1997-10-01",
        "value": "124851"
    },
    {
        "date": "1997-09-01",
        "value": "123948"
    },
    {
        "date": "1997-08-01",
        "value": "122944"
    },
    {
        "date": "1997-07-01",
        "value": "122876"
    },
    {
        "date": "1997-06-01",
        "value": "123861"
    },
    {
        "date": "1997-05-01",
        "value": "123211"
    },
    {
        "date": "1997-04-01",
        "value": "122132"
    },
    {
        "date": "1997-03-01",
        "value": "121155"
    },
    {
        "date": "1997-02-01",
        "value": "120274"
    },
    {
        "date": "1997-01-01",
        "value": "119413"
    },
    {
        "date": "1996-12-01",
        "value": "121955"
    },
    {
        "date": "1996-11-01",
        "value": "121976"
    },
    {
        "date": "1996-10-01",
        "value": "121516"
    },
    {
        "date": "1996-09-01",
        "value": "120795"
    },
    {
        "date": "1996-08-01",
        "value": "120051"
    },
    {
        "date": "1996-07-01",
        "value": "119758"
    },
    {
        "date": "1996-06-01",
        "value": "120795"
    },
    {
        "date": "1996-05-01",
        "value": "120132"
    },
    {
        "date": "1996-04-01",
        "value": "119005"
    },
    {
        "date": "1996-03-01",
        "value": "118167"
    },
    {
        "date": "1996-02-01",
        "value": "117364"
    },
    {
        "date": "1996-01-01",
        "value": "116423"
    },
    {
        "date": "1995-12-01",
        "value": "119123"
    },
    {
        "date": "1995-11-01",
        "value": "119125"
    },
    {
        "date": "1995-10-01",
        "value": "118888"
    },
    {
        "date": "1995-09-01",
        "value": "118286"
    },
    {
        "date": "1995-08-01",
        "value": "117370"
    },
    {
        "date": "1995-07-01",
        "value": "117106"
    },
    {
        "date": "1995-06-01",
        "value": "118340"
    },
    {
        "date": "1995-05-01",
        "value": "117625"
    },
    {
        "date": "1995-04-01",
        "value": "116902"
    },
    {
        "date": "1995-03-01",
        "value": "116071"
    },
    {
        "date": "1995-02-01",
        "value": "115315"
    },
    {
        "date": "1995-01-01",
        "value": "114655"
    },
    {
        "date": "1994-12-01",
        "value": "116964"
    },
    {
        "date": "1994-11-01",
        "value": "116926"
    },
    {
        "date": "1994-10-01",
        "value": "116318"
    },
    {
        "date": "1994-09-01",
        "value": "115693"
    },
    {
        "date": "1994-08-01",
        "value": "114634"
    },
    {
        "date": "1994-07-01",
        "value": "114324"
    },
    {
        "date": "1994-06-01",
        "value": "115271"
    },
    {
        "date": "1994-05-01",
        "value": "114479"
    },
    {
        "date": "1994-04-01",
        "value": "113467"
    },
    {
        "date": "1994-03-01",
        "value": "112389"
    },
    {
        "date": "1994-02-01",
        "value": "111414"
    },
    {
        "date": "1994-01-01",
        "value": "110833"
    },
    {
        "date": "1993-12-01",
        "value": "113084"
    },
    {
        "date": "1993-11-01",
        "value": "112935"
    },
    {
        "date": "1993-10-01",
        "value": "112591"
    },
    {
        "date": "1993-09-01",
        "value": "111926"
    },
    {
        "date": "1993-08-01",
        "value": "110935"
    },
    {
        "date": "1993-07-01",
        "value": "110825"
    },
    {
        "date": "1993-06-01",
        "value": "111693"
    },
    {
        "date": "1993-05-01",
        "value": "111103"
    },
    {
        "date": "1993-04-01",
        "value": "110140"
    },
    {
        "date": "1993-03-01",
        "value": "109136"
    },
    {
        "date": "1993-02-01",
        "value": "108701"
    },
    {
        "date": "1993-01-01",
        "value": "108098"
    },
    {
        "date": "1992-12-01",
        "value": "110265"
    },
    {
        "date": "1992-11-01",
        "value": "110275"
    },
    {
        "date": "1992-10-01",
        "value": "110036"
    },
    {
        "date": "1992-09-01",
        "value": "109449"
    },
    {
        "date": "1992-08-01",
        "value": "108664"
    },
    {
        "date": "1992-07-01",
        "value": "108608"
    },
    {
        "date": "1992-06-01",
        "value": "109626"
    },
    {
        "date": "1992-05-01",
        "value": "109137"
    },
    {
        "date": "1992-04-01",
        "value": "108331"
    },
    {
        "date": "1992-03-01",
        "value": "107494"
    },
    {
        "date": "1992-02-01",
        "value": "106977"
    },
    {
        "date": "1992-01-01",
        "value": "106723"
    },
    {
        "date": "1991-12-01",
        "value": "109110"
    },
    {
        "date": "1991-11-01",
        "value": "109226"
    },
    {
        "date": "1991-10-01",
        "value": "109210"
    },
    {
        "date": "1991-09-01",
        "value": "108840"
    },
    {
        "date": "1991-08-01",
        "value": "108123"
    },
    {
        "date": "1991-07-01",
        "value": "108033"
    },
    {
        "date": "1991-06-01",
        "value": "109234"
    },
    {
        "date": "1991-05-01",
        "value": "108752"
    },
    {
        "date": "1991-04-01",
        "value": "108071"
    },
    {
        "date": "1991-03-01",
        "value": "107681"
    },
    {
        "date": "1991-02-01",
        "value": "107392"
    },
    {
        "date": "1991-01-01",
        "value": "107425"
    },
    {
        "date": "1990-12-01",
        "value": "109974"
    },
    {
        "date": "1990-11-01",
        "value": "110205"
    },
    {
        "date": "1990-10-01",
        "value": "110240"
    },
    {
        "date": "1990-09-01",
        "value": "110044"
    },
    {
        "date": "1990-08-01",
        "value": "109449"
    },
    {
        "date": "1990-07-01",
        "value": "109567"
    },
    {
        "date": "1990-06-01",
        "value": "110838"
    },
    {
        "date": "1990-05-01",
        "value": "110271"
    },
    {
        "date": "1990-04-01",
        "value": "109366"
    },
    {
        "date": "1990-03-01",
        "value": "108724"
    },
    {
        "date": "1990-02-01",
        "value": "108069"
    },
    {
        "date": "1990-01-01",
        "value": "107573"
    },
    {
        "date": "1989-12-01",
        "value": "109666"
    },
    {
        "date": "1989-11-01",
        "value": "109657"
    },
    {
        "date": "1989-10-01",
        "value": "109217"
    },
    {
        "date": "1989-09-01",
        "value": "108724"
    },
    {
        "date": "1989-08-01",
        "value": "107927"
    },
    {
        "date": "1989-07-01",
        "value": "107848"
    },
    {
        "date": "1989-06-01",
        "value": "108937"
    },
    {
        "date": "1989-05-01",
        "value": "108294"
    },
    {
        "date": "1989-04-01",
        "value": "107611"
    },
    {
        "date": "1989-03-01",
        "value": "106813"
    },
    {
        "date": "1989-02-01",
        "value": "106170"
    },
    {
        "date": "1989-01-01",
        "value": "105743"
    },
    {
        "date": "1988-12-01",
        "value": "107722"
    },
    {
        "date": "1988-11-01",
        "value": "107500"
    },
    {
        "date": "1988-10-01",
        "value": "107013"
    },
    {
        "date": "1988-09-01",
        "value": "106341"
    },
    {
        "date": "1988-08-01",
        "value": "105477"
    },
    {
        "date": "1988-07-01",
        "value": "105315"
    },
    {
        "date": "1988-06-01",
        "value": "106208"
    },
    {
        "date": "1988-05-01",
        "value": "105347"
    },
    {
        "date": "1988-04-01",
        "value": "104587"
    },
    {
        "date": "1988-03-01",
        "value": "103693"
    },
    {
        "date": "1988-02-01",
        "value": "102951"
    },
    {
        "date": "1988-01-01",
        "value": "102380"
    },
    {
        "date": "1987-12-01",
        "value": "104472"
    },
    {
        "date": "1987-11-01",
        "value": "104232"
    },
    {
        "date": "1987-10-01",
        "value": "103893"
    },
    {
        "date": "1987-09-01",
        "value": "102986"
    },
    {
        "date": "1987-08-01",
        "value": "102219"
    },
    {
        "date": "1987-07-01",
        "value": "101990"
    },
    {
        "date": "1987-06-01",
        "value": "102742"
    },
    {
        "date": "1987-05-01",
        "value": "102135"
    },
    {
        "date": "1987-04-01",
        "value": "101369"
    },
    {
        "date": "1987-03-01",
        "value": "100367"
    },
    {
        "date": "1987-02-01",
        "value": "99657"
    },
    {
        "date": "1987-01-01",
        "value": "99334"
    },
    {
        "date": "1986-12-01",
        "value": "101300"
    },
    {
        "date": "1986-11-01",
        "value": "101141"
    },
    {
        "date": "1986-10-01",
        "value": "100886"
    },
    {
        "date": "1986-09-01",
        "value": "100317"
    },
    {
        "date": "1986-08-01",
        "value": "99393"
    },
    {
        "date": "1986-07-01",
        "value": "99219"
    },
    {
        "date": "1986-06-01",
        "value": "99973"
    },
    {
        "date": "1986-05-01",
        "value": "99667"
    },
    {
        "date": "1986-04-01",
        "value": "98973"
    },
    {
        "date": "1986-03-01",
        "value": "98138"
    },
    {
        "date": "1986-02-01",
        "value": "97590"
    },
    {
        "date": "1986-01-01",
        "value": "97397"
    },
    {
        "date": "1985-12-01",
        "value": "99356"
    },
    {
        "date": "1985-11-01",
        "value": "99240"
    },
    {
        "date": "1985-10-01",
        "value": "98987"
    },
    {
        "date": "1985-09-01",
        "value": "98476"
    },
    {
        "date": "1985-08-01",
        "value": "97667"
    },
    {
        "date": "1985-07-01",
        "value": "97418"
    },
    {
        "date": "1985-06-01",
        "value": "98279"
    },
    {
        "date": "1985-05-01",
        "value": "97726"
    },
    {
        "date": "1985-04-01",
        "value": "96875"
    },
    {
        "date": "1985-03-01",
        "value": "96055"
    },
    {
        "date": "1985-02-01",
        "value": "95259"
    },
    {
        "date": "1985-01-01",
        "value": "95049"
    },
    {
        "date": "1984-12-01",
        "value": "96793"
    },
    {
        "date": "1984-11-01",
        "value": "96738"
    },
    {
        "date": "1984-10-01",
        "value": "96362"
    },
    {
        "date": "1984-09-01",
        "value": "95808"
    },
    {
        "date": "1984-08-01",
        "value": "94888"
    },
    {
        "date": "1984-07-01",
        "value": "94607"
    },
    {
        "date": "1984-06-01",
        "value": "95305"
    },
    {
        "date": "1984-05-01",
        "value": "94489"
    },
    {
        "date": "1984-04-01",
        "value": "93614"
    },
    {
        "date": "1984-03-01",
        "value": "92659"
    },
    {
        "date": "1984-02-01",
        "value": "91940"
    },
    {
        "date": "1984-01-01",
        "value": "91374"
    },
    {
        "date": "1983-12-01",
        "value": "92863"
    },
    {
        "date": "1983-11-01",
        "value": "92592"
    },
    {
        "date": "1983-10-01",
        "value": "92233"
    },
    {
        "date": "1983-09-01",
        "value": "91719"
    },
    {
        "date": "1983-08-01",
        "value": "89998"
    },
    {
        "date": "1983-07-01",
        "value": "90271"
    },
    {
        "date": "1983-06-01",
        "value": "90844"
    },
    {
        "date": "1983-05-01",
        "value": "90019"
    },
    {
        "date": "1983-04-01",
        "value": "89187"
    },
    {
        "date": "1983-03-01",
        "value": "88344"
    },
    {
        "date": "1983-02-01",
        "value": "87741"
    },
    {
        "date": "1983-01-01",
        "value": "87729"
    },
    {
        "date": "1982-12-01",
        "value": "89396"
    },
    {
        "date": "1982-11-01",
        "value": "89495"
    },
    {
        "date": "1982-10-01",
        "value": "89598"
    },
    {
        "date": "1982-09-01",
        "value": "89628"
    },
    {
        "date": "1982-08-01",
        "value": "89212"
    },
    {
        "date": "1982-07-01",
        "value": "89338"
    },
    {
        "date": "1982-06-01",
        "value": "90669"
    },
    {
        "date": "1982-05-01",
        "value": "90478"
    },
    {
        "date": "1982-04-01",
        "value": "89993"
    },
    {
        "date": "1982-03-01",
        "value": "89710"
    },
    {
        "date": "1982-02-01",
        "value": "89417"
    },
    {
        "date": "1982-01-01",
        "value": "89328"
    },
    {
        "date": "1981-12-01",
        "value": "91555"
    },
    {
        "date": "1981-11-01",
        "value": "91888"
    },
    {
        "date": "1981-10-01",
        "value": "92054"
    },
    {
        "date": "1981-09-01",
        "value": "91876"
    },
    {
        "date": "1981-08-01",
        "value": "91378"
    },
    {
        "date": "1981-07-01",
        "value": "91371"
    },
    {
        "date": "1981-06-01",
        "value": "92296"
    },
    {
        "date": "1981-05-01",
        "value": "91647"
    },
    {
        "date": "1981-04-01",
        "value": "91157"
    },
    {
        "date": "1981-03-01",
        "value": "90520"
    },
    {
        "date": "1981-02-01",
        "value": "89985"
    },
    {
        "date": "1981-01-01",
        "value": "89837"
    },
    {
        "date": "1980-12-01",
        "value": "91661"
    },
    {
        "date": "1980-11-01",
        "value": "91475"
    },
    {
        "date": "1980-10-01",
        "value": "91128"
    },
    {
        "date": "1980-09-01",
        "value": "90530"
    },
    {
        "date": "1980-08-01",
        "value": "89865"
    },
    {
        "date": "1980-07-01",
        "value": "89582"
    },
    {
        "date": "1980-06-01",
        "value": "90922"
    },
    {
        "date": "1980-05-01",
        "value": "90763"
    },
    {
        "date": "1980-04-01",
        "value": "90747"
    },
    {
        "date": "1980-03-01",
        "value": "90324"
    },
    {
        "date": "1980-02-01",
        "value": "89764"
    },
    {
        "date": "1980-01-01",
        "value": "89631"
    },
    {
        "date": "1979-12-01",
        "value": "91415"
    },
    {
        "date": "1979-11-01",
        "value": "91287"
    },
    {
        "date": "1979-10-01",
        "value": "91089"
    },
    {
        "date": "1979-09-01",
        "value": "90616"
    },
    {
        "date": "1979-08-01",
        "value": "90072"
    },
    {
        "date": "1979-07-01",
        "value": "89976"
    },
    {
        "date": "1979-06-01",
        "value": "90971"
    },
    {
        "date": "1979-05-01",
        "value": "90126"
    },
    {
        "date": "1979-04-01",
        "value": "89313"
    },
    {
        "date": "1979-03-01",
        "value": "88792"
    },
    {
        "date": "1979-02-01",
        "value": "87889"
    },
    {
        "date": "1979-01-01",
        "value": "87650"
    },
    {
        "date": "1978-12-01",
        "value": "89408"
    },
    {
        "date": "1978-11-01",
        "value": "89099"
    },
    {
        "date": "1978-10-01",
        "value": "88549"
    },
    {
        "date": "1978-09-01",
        "value": "87932"
    },
    {
        "date": "1978-08-01",
        "value": "87305"
    },
    {
        "date": "1978-07-01",
        "value": "87002"
    },
    {
        "date": "1978-06-01",
        "value": "87830"
    },
    {
        "date": "1978-05-01",
        "value": "86842"
    },
    {
        "date": "1978-04-01",
        "value": "86037"
    },
    {
        "date": "1978-03-01",
        "value": "84732"
    },
    {
        "date": "1978-02-01",
        "value": "83738"
    },
    {
        "date": "1978-01-01",
        "value": "83442"
    },
    {
        "date": "1977-12-01",
        "value": "85105"
    },
    {
        "date": "1977-11-01",
        "value": "84868"
    },
    {
        "date": "1977-10-01",
        "value": "84423"
    },
    {
        "date": "1977-09-01",
        "value": "83922"
    },
    {
        "date": "1977-08-01",
        "value": "82971"
    },
    {
        "date": "1977-07-01",
        "value": "82677"
    },
    {
        "date": "1977-06-01",
        "value": "83338"
    },
    {
        "date": "1977-05-01",
        "value": "82376"
    },
    {
        "date": "1977-04-01",
        "value": "81539"
    },
    {
        "date": "1977-03-01",
        "value": "80604"
    },
    {
        "date": "1977-02-01",
        "value": "79747"
    },
    {
        "date": "1977-01-01",
        "value": "79540"
    },
    {
        "date": "1976-12-01",
        "value": "81129"
    },
    {
        "date": "1976-11-01",
        "value": "80953"
    },
    {
        "date": "1976-10-01",
        "value": "80593"
    },
    {
        "date": "1976-09-01",
        "value": "80362"
    },
    {
        "date": "1976-08-01",
        "value": "79659"
    },
    {
        "date": "1976-07-01",
        "value": "79393"
    },
    {
        "date": "1976-06-01",
        "value": "80164"
    },
    {
        "date": "1976-05-01",
        "value": "79534"
    },
    {
        "date": "1976-04-01",
        "value": "79042"
    },
    {
        "date": "1976-03-01",
        "value": "78214"
    },
    {
        "date": "1976-02-01",
        "value": "77605"
    },
    {
        "date": "1976-01-01",
        "value": "77376"
    },
    {
        "date": "1975-12-01",
        "value": "78726"
    },
    {
        "date": "1975-11-01",
        "value": "78437"
    },
    {
        "date": "1975-10-01",
        "value": "78283"
    },
    {
        "date": "1975-09-01",
        "value": "77726"
    },
    {
        "date": "1975-08-01",
        "value": "77120"
    },
    {
        "date": "1975-07-01",
        "value": "76592"
    },
    {
        "date": "1975-06-01",
        "value": "77270"
    },
    {
        "date": "1975-05-01",
        "value": "76774"
    },
    {
        "date": "1975-04-01",
        "value": "76142"
    },
    {
        "date": "1975-03-01",
        "value": "75808"
    },
    {
        "date": "1975-02-01",
        "value": "75764"
    },
    {
        "date": "1975-01-01",
        "value": "76189"
    },
    {
        "date": "1974-12-01",
        "value": "78419"
    },
    {
        "date": "1974-11-01",
        "value": "79060"
    },
    {
        "date": "1974-10-01",
        "value": "79381"
    },
    {
        "date": "1974-09-01",
        "value": "79084"
    },
    {
        "date": "1974-08-01",
        "value": "78584"
    },
    {
        "date": "1974-07-01",
        "value": "78438"
    },
    {
        "date": "1974-06-01",
        "value": "79336"
    },
    {
        "date": "1974-05-01",
        "value": "78637"
    },
    {
        "date": "1974-04-01",
        "value": "78035"
    },
    {
        "date": "1974-03-01",
        "value": "77485"
    },
    {
        "date": "1974-02-01",
        "value": "77163"
    },
    {
        "date": "1974-01-01",
        "value": "77045"
    },
    {
        "date": "1973-12-01",
        "value": "78839"
    },
    {
        "date": "1973-11-01",
        "value": "78707"
    },
    {
        "date": "1973-10-01",
        "value": "78306"
    },
    {
        "date": "1973-09-01",
        "value": "77682"
    },
    {
        "date": "1973-08-01",
        "value": "77095"
    },
    {
        "date": "1973-07-01",
        "value": "76691"
    },
    {
        "date": "1973-06-01",
        "value": "77630"
    },
    {
        "date": "1973-05-01",
        "value": "76712"
    },
    {
        "date": "1973-04-01",
        "value": "76132"
    },
    {
        "date": "1973-03-01",
        "value": "75544"
    },
    {
        "date": "1973-02-01",
        "value": "74989"
    },
    {
        "date": "1973-01-01",
        "value": "74613"
    },
    {
        "date": "1972-12-01",
        "value": "76078"
    },
    {
        "date": "1972-11-01",
        "value": "75704"
    },
    {
        "date": "1972-10-01",
        "value": "75290"
    },
    {
        "date": "1972-09-01",
        "value": "74612"
    },
    {
        "date": "1972-08-01",
        "value": "74054"
    },
    {
        "date": "1972-07-01",
        "value": "73502"
    },
    {
        "date": "1972-06-01",
        "value": "74507"
    },
    {
        "date": "1972-05-01",
        "value": "73525"
    },
    {
        "date": "1972-04-01",
        "value": "72894"
    },
    {
        "date": "1972-03-01",
        "value": "72261"
    },
    {
        "date": "1972-02-01",
        "value": "71668"
    },
    {
        "date": "1972-01-01",
        "value": "71481"
    },
    {
        "date": "1971-12-01",
        "value": "72880"
    },
    {
        "date": "1971-11-01",
        "value": "72479"
    },
    {
        "date": "1971-10-01",
        "value": "72180"
    },
    {
        "date": "1971-09-01",
        "value": "71931"
    },
    {
        "date": "1971-08-01",
        "value": "71298"
    },
    {
        "date": "1971-07-01",
        "value": "71194"
    },
    {
        "date": "1971-06-01",
        "value": "72006"
    },
    {
        "date": "1971-05-01",
        "value": "71287"
    },
    {
        "date": "1971-04-01",
        "value": "70795"
    },
    {
        "date": "1971-03-01",
        "value": "70209"
    },
    {
        "date": "1971-02-01",
        "value": "69844"
    },
    {
        "date": "1971-01-01",
        "value": "69922"
    },
    {
        "date": "1970-12-01",
        "value": "71564"
    },
    {
        "date": "1970-11-01",
        "value": "70983"
    },
    {
        "date": "1970-10-01",
        "value": "71022"
    },
    {
        "date": "1970-09-01",
        "value": "71257"
    },
    {
        "date": "1970-08-01",
        "value": "70900"
    },
    {
        "date": "1970-07-01",
        "value": "71000"
    },
    {
        "date": "1970-06-01",
        "value": "71766"
    },
    {
        "date": "1970-05-01",
        "value": "71123"
    },
    {
        "date": "1970-04-01",
        "value": "71105"
    },
    {
        "date": "1970-03-01",
        "value": "70786"
    },
    {
        "date": "1970-02-01",
        "value": "70332"
    },
    {
        "date": "1970-01-01",
        "value": "70229"
    },
    {
        "date": "1969-12-01",
        "value": "72041"
    },
    {
        "date": "1969-11-01",
        "value": "71630"
    },
    {
        "date": "1969-10-01",
        "value": "71601"
    },
    {
        "date": "1969-09-01",
        "value": "71235"
    },
    {
        "date": "1969-08-01",
        "value": "71024"
    },
    {
        "date": "1969-07-01",
        "value": "70746"
    },
    {
        "date": "1969-06-01",
        "value": "71363"
    },
    {
        "date": "1969-05-01",
        "value": "70285"
    },
    {
        "date": "1969-04-01",
        "value": "69799"
    },
    {
        "date": "1969-03-01",
        "value": "69208"
    },
    {
        "date": "1969-02-01",
        "value": "68712"
    },
    {
        "date": "1969-01-01",
        "value": "68494"
    },
    {
        "date": "1968-12-01",
        "value": "70085"
    },
    {
        "date": "1968-11-01",
        "value": "69509"
    },
    {
        "date": "1968-10-01",
        "value": "69187"
    },
    {
        "date": "1968-09-01",
        "value": "68826"
    },
    {
        "date": "1968-08-01",
        "value": "68397"
    },
    {
        "date": "1968-07-01",
        "value": "68199"
    },
    {
        "date": "1968-06-01",
        "value": "68617"
    },
    {
        "date": "1968-05-01",
        "value": "67581"
    },
    {
        "date": "1968-04-01",
        "value": "67260"
    },
    {
        "date": "1968-03-01",
        "value": "66553"
    },
    {
        "date": "1968-02-01",
        "value": "66203"
    },
    {
        "date": "1968-01-01",
        "value": "65853"
    },
    {
        "date": "1967-12-01",
        "value": "67758"
    },
    {
        "date": "1967-11-01",
        "value": "67210"
    },
    {
        "date": "1967-10-01",
        "value": "66684"
    },
    {
        "date": "1967-09-01",
        "value": "66549"
    },
    {
        "date": "1967-08-01",
        "value": "66262"
    },
    {
        "date": "1967-07-01",
        "value": "66015"
    },
    {
        "date": "1967-06-01",
        "value": "66451"
    },
    {
        "date": "1967-05-01",
        "value": "65540"
    },
    {
        "date": "1967-04-01",
        "value": "65144"
    },
    {
        "date": "1967-03-01",
        "value": "64741"
    },
    {
        "date": "1967-02-01",
        "value": "64377"
    },
    {
        "date": "1967-01-01",
        "value": "64439"
    },
    {
        "date": "1966-12-01",
        "value": "66051"
    },
    {
        "date": "1966-11-01",
        "value": "65508"
    },
    {
        "date": "1966-10-01",
        "value": "65337"
    },
    {
        "date": "1966-09-01",
        "value": "65082"
    },
    {
        "date": "1966-08-01",
        "value": "64678"
    },
    {
        "date": "1966-07-01",
        "value": "64470"
    },
    {
        "date": "1966-06-01",
        "value": "64784"
    },
    {
        "date": "1966-05-01",
        "value": "63645"
    },
    {
        "date": "1966-04-01",
        "value": "63096"
    },
    {
        "date": "1966-03-01",
        "value": "62354"
    },
    {
        "date": "1966-02-01",
        "value": "61707"
    },
    {
        "date": "1966-01-01",
        "value": "61529"
    },
    {
        "date": "1965-12-01",
        "value": "63141"
    },
    {
        "date": "1965-11-01",
        "value": "62465"
    },
    {
        "date": "1965-10-01",
        "value": "62245"
    },
    {
        "date": "1965-09-01",
        "value": "62006"
    },
    {
        "date": "1965-08-01",
        "value": "61455"
    },
    {
        "date": "1965-07-01",
        "value": "61167"
    },
    {
        "date": "1965-06-01",
        "value": "61319"
    },
    {
        "date": "1965-05-01",
        "value": "60442"
    },
    {
        "date": "1965-04-01",
        "value": "59891"
    },
    {
        "date": "1965-03-01",
        "value": "59119"
    },
    {
        "date": "1965-02-01",
        "value": "58676"
    },
    {
        "date": "1965-01-01",
        "value": "58561"
    },
    {
        "date": "1964-12-01",
        "value": "60198"
    },
    {
        "date": "1964-11-01",
        "value": "59677"
    },
    {
        "date": "1964-10-01",
        "value": "59380"
    },
    {
        "date": "1964-09-01",
        "value": "59497"
    },
    {
        "date": "1964-08-01",
        "value": "58900"
    },
    {
        "date": "1964-07-01",
        "value": "58632"
    },
    {
        "date": "1964-06-01",
        "value": "58805"
    },
    {
        "date": "1964-05-01",
        "value": "58048"
    },
    {
        "date": "1964-04-01",
        "value": "57528"
    },
    {
        "date": "1964-03-01",
        "value": "56964"
    },
    {
        "date": "1964-02-01",
        "value": "56601"
    },
    {
        "date": "1964-01-01",
        "value": "56460"
    },
    {
        "date": "1963-12-01",
        "value": "58109"
    },
    {
        "date": "1963-11-01",
        "value": "57721"
    },
    {
        "date": "1963-10-01",
        "value": "57907"
    },
    {
        "date": "1963-09-01",
        "value": "57735"
    },
    {
        "date": "1963-08-01",
        "value": "57232"
    },
    {
        "date": "1963-07-01",
        "value": "57013"
    },
    {
        "date": "1963-06-01",
        "value": "57206"
    },
    {
        "date": "1963-05-01",
        "value": "56572"
    },
    {
        "date": "1963-04-01",
        "value": "56152"
    },
    {
        "date": "1963-03-01",
        "value": "55356"
    },
    {
        "date": "1963-02-01",
        "value": "55054"
    },
    {
        "date": "1963-01-01",
        "value": "55108"
    },
    {
        "date": "1962-12-01",
        "value": "56775"
    },
    {
        "date": "1962-11-01",
        "value": "56540"
    },
    {
        "date": "1962-10-01",
        "value": "56688"
    },
    {
        "date": "1962-09-01",
        "value": "56667"
    },
    {
        "date": "1962-08-01",
        "value": "56193"
    },
    {
        "date": "1962-07-01",
        "value": "55946"
    },
    {
        "date": "1962-06-01",
        "value": "56157"
    },
    {
        "date": "1962-05-01",
        "value": "55559"
    },
    {
        "date": "1962-04-01",
        "value": "55139"
    },
    {
        "date": "1962-03-01",
        "value": "54297"
    },
    {
        "date": "1962-02-01",
        "value": "54022"
    },
    {
        "date": "1962-01-01",
        "value": "53922"
    },
    {
        "date": "1961-12-01",
        "value": "55665"
    },
    {
        "date": "1961-11-01",
        "value": "55243"
    },
    {
        "date": "1961-10-01",
        "value": "55160"
    },
    {
        "date": "1961-09-01",
        "value": "55074"
    },
    {
        "date": "1961-08-01",
        "value": "54662"
    },
    {
        "date": "1961-07-01",
        "value": "54288"
    },
    {
        "date": "1961-06-01",
        "value": "54455"
    },
    {
        "date": "1961-05-01",
        "value": "53690"
    },
    {
        "date": "1961-04-01",
        "value": "53135"
    },
    {
        "date": "1961-03-01",
        "value": "52694"
    },
    {
        "date": "1961-02-01",
        "value": "52414"
    },
    {
        "date": "1961-01-01",
        "value": "52780"
    },
    {
        "date": "1960-12-01",
        "value": "54601"
    },
    {
        "date": "1960-11-01",
        "value": "54478"
    },
    {
        "date": "1960-10-01",
        "value": "54779"
    },
    {
        "date": "1960-09-01",
        "value": "54906"
    },
    {
        "date": "1960-08-01",
        "value": "54610"
    },
    {
        "date": "1960-07-01",
        "value": "54412"
    },
    {
        "date": "1960-06-01",
        "value": "54768"
    },
    {
        "date": "1960-05-01",
        "value": "54349"
    },
    {
        "date": "1960-04-01",
        "value": "54285"
    },
    {
        "date": "1960-03-01",
        "value": "53494"
    },
    {
        "date": "1960-02-01",
        "value": "53422"
    },
    {
        "date": "1960-01-01",
        "value": "53448"
    },
    {
        "date": "1959-12-01",
        "value": "55124"
    },
    {
        "date": "1959-11-01",
        "value": "54168"
    },
    {
        "date": "1959-10-01",
        "value": "53991"
    },
    {
        "date": "1959-09-01",
        "value": "54082"
    },
    {
        "date": "1959-08-01",
        "value": "53636"
    },
    {
        "date": "1959-07-01",
        "value": "53843"
    },
    {
        "date": "1959-06-01",
        "value": "54038"
    },
    {
        "date": "1959-05-01",
        "value": "53384"
    },
    {
        "date": "1959-04-01",
        "value": "52774"
    },
    {
        "date": "1959-03-01",
        "value": "52087"
    },
    {
        "date": "1959-02-01",
        "value": "51642"
    },
    {
        "date": "1959-01-01",
        "value": "51721"
    },
    {
        "date": "1958-12-01",
        "value": "53103"
    },
    {
        "date": "1958-11-01",
        "value": "52511"
    },
    {
        "date": "1958-10-01",
        "value": "52134"
    },
    {
        "date": "1958-09-01",
        "value": "52141"
    },
    {
        "date": "1958-08-01",
        "value": "51470"
    },
    {
        "date": "1958-07-01",
        "value": "51013"
    },
    {
        "date": "1958-06-01",
        "value": "51197"
    },
    {
        "date": "1958-05-01",
        "value": "50703"
    },
    {
        "date": "1958-04-01",
        "value": "50477"
    },
    {
        "date": "1958-03-01",
        "value": "50418"
    },
    {
        "date": "1958-02-01",
        "value": "50588"
    },
    {
        "date": "1958-01-01",
        "value": "51353"
    },
    {
        "date": "1957-12-01",
        "value": "53479"
    },
    {
        "date": "1957-11-01",
        "value": "53161"
    },
    {
        "date": "1957-10-01",
        "value": "53412"
    },
    {
        "date": "1957-09-01",
        "value": "53536"
    },
    {
        "date": "1957-08-01",
        "value": "53326"
    },
    {
        "date": "1957-07-01",
        "value": "53041"
    },
    {
        "date": "1957-06-01",
        "value": "53298"
    },
    {
        "date": "1957-05-01",
        "value": "52896"
    },
    {
        "date": "1957-04-01",
        "value": "52713"
    },
    {
        "date": "1957-03-01",
        "value": "52336"
    },
    {
        "date": "1957-02-01",
        "value": "52146"
    },
    {
        "date": "1957-01-01",
        "value": "52168"
    },
    {
        "date": "1956-12-01",
        "value": "54068"
    },
    {
        "date": "1956-11-01",
        "value": "53435"
    },
    {
        "date": "1956-10-01",
        "value": "53409"
    },
    {
        "date": "1956-09-01",
        "value": "53165"
    },
    {
        "date": "1956-08-01",
        "value": "52802"
    },
    {
        "date": "1956-07-01",
        "value": "51847"
    },
    {
        "date": "1956-06-01",
        "value": "52778"
    },
    {
        "date": "1956-05-01",
        "value": "52245"
    },
    {
        "date": "1956-04-01",
        "value": "51897"
    },
    {
        "date": "1956-03-01",
        "value": "51531"
    },
    {
        "date": "1956-02-01",
        "value": "51255"
    },
    {
        "date": "1956-01-01",
        "value": "51249"
    },
    {
        "date": "1955-12-01",
        "value": "52950"
    },
    {
        "date": "1955-11-01",
        "value": "52193"
    },
    {
        "date": "1955-10-01",
        "value": "52021"
    },
    {
        "date": "1955-09-01",
        "value": "51791"
    },
    {
        "date": "1955-08-01",
        "value": "51270"
    },
    {
        "date": "1955-07-01",
        "value": "50868"
    },
    {
        "date": "1955-06-01",
        "value": "50957"
    },
    {
        "date": "1955-05-01",
        "value": "50254"
    },
    {
        "date": "1955-04-01",
        "value": "49822"
    },
    {
        "date": "1955-03-01",
        "value": "49269"
    },
    {
        "date": "1955-02-01",
        "value": "48764"
    },
    {
        "date": "1955-01-01",
        "value": "48764"
    },
    {
        "date": "1954-12-01",
        "value": "50473"
    },
    {
        "date": "1954-11-01",
        "value": "49765"
    },
    {
        "date": "1954-10-01",
        "value": "49515"
    },
    {
        "date": "1954-09-01",
        "value": "49391"
    },
    {
        "date": "1954-08-01",
        "value": "48974"
    },
    {
        "date": "1954-07-01",
        "value": "48704"
    },
    {
        "date": "1954-06-01",
        "value": "48999"
    },
    {
        "date": "1954-05-01",
        "value": "48679"
    },
    {
        "date": "1954-04-01",
        "value": "48787"
    },
    {
        "date": "1954-03-01",
        "value": "48519"
    },
    {
        "date": "1954-02-01",
        "value": "48543"
    },
    {
        "date": "1954-01-01",
        "value": "48766"
    },
    {
        "date": "1953-12-01",
        "value": "50833"
    },
    {
        "date": "1953-11-01",
        "value": "50472"
    },
    {
        "date": "1953-10-01",
        "value": "50807"
    },
    {
        "date": "1953-09-01",
        "value": "50867"
    },
    {
        "date": "1953-08-01",
        "value": "50631"
    },
    {
        "date": "1953-07-01",
        "value": "50390"
    },
    {
        "date": "1953-06-01",
        "value": "50575"
    },
    {
        "date": "1953-05-01",
        "value": "50182"
    },
    {
        "date": "1953-04-01",
        "value": "50071"
    },
    {
        "date": "1953-03-01",
        "value": "49878"
    },
    {
        "date": "1953-02-01",
        "value": "49541"
    },
    {
        "date": "1953-01-01",
        "value": "49470"
    },
    {
        "date": "1952-12-01",
        "value": "51274"
    },
    {
        "date": "1952-11-01",
        "value": "50346"
    },
    {
        "date": "1952-10-01",
        "value": "50156"
    },
    {
        "date": "1952-09-01",
        "value": "49829"
    },
    {
        "date": "1952-08-01",
        "value": "49077"
    },
    {
        "date": "1952-07-01",
        "value": "47977"
    },
    {
        "date": "1952-06-01",
        "value": "48305"
    },
    {
        "date": "1952-05-01",
        "value": "48319"
    },
    {
        "date": "1952-04-01",
        "value": "48268"
    },
    {
        "date": "1952-03-01",
        "value": "47931"
    },
    {
        "date": "1952-02-01",
        "value": "47765"
    },
    {
        "date": "1952-01-01",
        "value": "47659"
    },
    {
        "date": "1951-12-01",
        "value": "49397"
    },
    {
        "date": "1951-11-01",
        "value": "48621"
    },
    {
        "date": "1951-10-01",
        "value": "48550"
    },
    {
        "date": "1951-09-01",
        "value": "48486"
    },
    {
        "date": "1951-08-01",
        "value": "48195"
    },
    {
        "date": "1951-07-01",
        "value": "47888"
    },
    {
        "date": "1951-06-01",
        "value": "48059"
    },
    {
        "date": "1951-05-01",
        "value": "47624"
    },
    {
        "date": "1951-04-01",
        "value": "47505"
    },
    {
        "date": "1951-03-01",
        "value": "47312"
    },
    {
        "date": "1951-02-01",
        "value": "46833"
    },
    {
        "date": "1951-01-01",
        "value": "46686"
    },
    {
        "date": "1950-12-01",
        "value": "47931"
    },
    {
        "date": "1950-11-01",
        "value": "47207"
    },
    {
        "date": "1950-10-01",
        "value": "47239"
    },
    {
        "date": "1950-09-01",
        "value": "47005"
    },
    {
        "date": "1950-08-01",
        "value": "46401"
    },
    {
        "date": "1950-07-01",
        "value": "45272"
    },
    {
        "date": "1950-06-01",
        "value": "45044"
    },
    {
        "date": "1950-05-01",
        "value": "44377"
    },
    {
        "date": "1950-04-01",
        "value": "44011"
    },
    {
        "date": "1950-03-01",
        "value": "43410"
    },
    {
        "date": "1950-02-01",
        "value": "42573"
    },
    {
        "date": "1950-01-01",
        "value": "42976"
    },
    {
        "date": "1949-12-01",
        "value": "44596"
    },
    {
        "date": "1949-11-01",
        "value": "43653"
    },
    {
        "date": "1949-10-01",
        "value": "43447"
    },
    {
        "date": "1949-09-01",
        "value": "44335"
    },
    {
        "date": "1949-08-01",
        "value": "43823"
    },
    {
        "date": "1949-07-01",
        "value": "43352"
    },
    {
        "date": "1949-06-01",
        "value": "43668"
    },
    {
        "date": "1949-05-01",
        "value": "43636"
    },
    {
        "date": "1949-04-01",
        "value": "43881"
    },
    {
        "date": "1949-03-01",
        "value": "43747"
    },
    {
        "date": "1949-02-01",
        "value": "43821"
    },
    {
        "date": "1949-01-01",
        "value": "44159"
    },
    {
        "date": "1948-12-01",
        "value": "46074"
    },
    {
        "date": "1948-11-01",
        "value": "45588"
    },
    {
        "date": "1948-10-01",
        "value": "45693"
    },
    {
        "date": "1948-09-01",
        "value": "45796"
    },
    {
        "date": "1948-08-01",
        "value": "45338"
    },
    {
        "date": "1948-07-01",
        "value": "44989"
    },
    {
        "date": "1948-06-01",
        "value": "44951"
    },
    {
        "date": "1948-05-01",
        "value": "44471"
    },
    {
        "date": "1948-04-01",
        "value": "44082"
    },
    {
        "date": "1948-03-01",
        "value": "44291"
    },
    {
        "date": "1948-02-01",
        "value": "43956"
    },
    {
        "date": "1948-01-01",
        "value": "44224"
    },
    {
        "date": "1947-12-01",
        "value": "45514"
    },
    {
        "date": "1947-11-01",
        "value": "44807"
    },
    {
        "date": "1947-10-01",
        "value": "44741"
    },
    {
        "date": "1947-09-01",
        "value": "44591"
    },
    {
        "date": "1947-08-01",
        "value": "44066"
    },
    {
        "date": "1947-07-01",
        "value": "43604"
    },
    {
        "date": "1947-06-01",
        "value": "43764"
    },
    {
        "date": "1947-05-01",
        "value": "43392"
    },
    {
        "date": "1947-04-01",
        "value": "43309"
    },
    {
        "date": "1947-03-01",
        "value": "43349"
    },
    {
        "date": "1947-02-01",
        "value": "43100"
    },
    {
        "date": "1947-01-01",
        "value": "43108"
    },
    {
        "date": "1946-12-01",
        "value": "44140"
    },
    {
        "date": "1946-11-01",
        "value": "43612"
    },
    {
        "date": "1946-10-01",
        "value": "43275"
    },
    {
        "date": "1946-09-01",
        "value": "43176"
    },
    {
        "date": "1946-08-01",
        "value": "42724"
    },
    {
        "date": "1946-07-01",
        "value": "42082"
    },
    {
        "date": "1946-06-01",
        "value": "41763"
    },
    {
        "date": "1946-05-01",
        "value": "41211"
    },
    {
        "date": "1946-04-01",
        "value": "40816"
    },
    {
        "date": "1946-03-01",
        "value": "40033"
    },
    {
        "date": "1946-02-01",
        "value": "38865"
    },
    {
        "date": "1946-01-01",
        "value": "39413"
    },
    {
        "date": "1945-12-01",
        "value": "39692"
    },
    {
        "date": "1945-11-01",
        "value": "39110"
    },
    {
        "date": "1945-10-01",
        "value": "38659"
    },
    {
        "date": "1945-09-01",
        "value": "38680"
    },
    {
        "date": "1945-08-01",
        "value": "40544"
    },
    {
        "date": "1945-07-01",
        "value": "40909"
    },
    {
        "date": "1945-06-01",
        "value": "41276"
    },
    {
        "date": "1945-05-01",
        "value": "41249"
    },
    {
        "date": "1945-04-01",
        "value": "41393"
    },
    {
        "date": "1945-03-01",
        "value": "41653"
    },
    {
        "date": "1945-02-01",
        "value": "41516"
    },
    {
        "date": "1945-01-01",
        "value": "41444"
    },
    {
        "date": "1944-12-01",
        "value": "42320"
    },
    {
        "date": "1944-11-01",
        "value": "41800"
    },
    {
        "date": "1944-10-01",
        "value": "41758"
    },
    {
        "date": "1944-09-01",
        "value": "41855"
    },
    {
        "date": "1944-08-01",
        "value": "41963"
    },
    {
        "date": "1944-07-01",
        "value": "42023"
    },
    {
        "date": "1944-06-01",
        "value": "42135"
    },
    {
        "date": "1944-05-01",
        "value": "41951"
    },
    {
        "date": "1944-04-01",
        "value": "41983"
    },
    {
        "date": "1944-03-01",
        "value": "42076"
    },
    {
        "date": "1944-02-01",
        "value": "42075"
    },
    {
        "date": "1944-01-01",
        "value": "42135"
    },
    {
        "date": "1943-12-01",
        "value": "43153"
    },
    {
        "date": "1943-11-01",
        "value": "42945"
    },
    {
        "date": "1943-10-01",
        "value": "42827"
    },
    {
        "date": "1943-09-01",
        "value": "42753"
    },
    {
        "date": "1943-08-01",
        "value": "42720"
    },
    {
        "date": "1943-07-01",
        "value": "42868"
    },
    {
        "date": "1943-06-01",
        "value": "42974"
    },
    {
        "date": "1943-05-01",
        "value": "42542"
    },
    {
        "date": "1943-04-01",
        "value": "42507"
    },
    {
        "date": "1943-03-01",
        "value": "42216"
    },
    {
        "date": "1943-02-01",
        "value": "41810"
    },
    {
        "date": "1943-01-01",
        "value": "41578"
    },
    {
        "date": "1942-12-01",
        "value": "42322"
    },
    {
        "date": "1942-11-01",
        "value": "41863"
    },
    {
        "date": "1942-10-01",
        "value": "41832"
    },
    {
        "date": "1942-09-01",
        "value": "41663"
    },
    {
        "date": "1942-08-01",
        "value": "41226"
    },
    {
        "date": "1942-07-01",
        "value": "40625"
    },
    {
        "date": "1942-06-01",
        "value": "40172"
    },
    {
        "date": "1942-05-01",
        "value": "39686"
    },
    {
        "date": "1942-04-01",
        "value": "39138"
    },
    {
        "date": "1942-03-01",
        "value": "38488"
    },
    {
        "date": "1942-02-01",
        "value": "37833"
    },
    {
        "date": "1942-01-01",
        "value": "37706"
    },
    {
        "date": "1941-12-01",
        "value": "38548"
    },
    {
        "date": "1941-11-01",
        "value": "38293"
    },
    {
        "date": "1941-10-01",
        "value": "38407"
    },
    {
        "date": "1941-09-01",
        "value": "38354"
    },
    {
        "date": "1941-08-01",
        "value": "37799"
    },
    {
        "date": "1941-07-01",
        "value": "37262"
    },
    {
        "date": "1941-06-01",
        "value": "36736"
    },
    {
        "date": "1941-05-01",
        "value": "36062"
    },
    {
        "date": "1941-04-01",
        "value": "35197"
    },
    {
        "date": "1941-03-01",
        "value": "34592"
    },
    {
        "date": "1941-02-01",
        "value": "34119"
    },
    {
        "date": "1941-01-01",
        "value": "33833"
    },
    {
        "date": "1940-12-01",
        "value": "34653"
    },
    {
        "date": "1940-11-01",
        "value": "34000"
    },
    {
        "date": "1940-10-01",
        "value": "33806"
    },
    {
        "date": "1940-09-01",
        "value": "33379"
    },
    {
        "date": "1940-08-01",
        "value": "32586"
    },
    {
        "date": "1940-07-01",
        "value": "32019"
    },
    {
        "date": "1940-06-01",
        "value": "32016"
    },
    {
        "date": "1940-05-01",
        "value": "31738"
    },
    {
        "date": "1940-04-01",
        "value": "31397"
    },
    {
        "date": "1940-03-01",
        "value": "31328"
    },
    {
        "date": "1940-02-01",
        "value": "30995"
    },
    {
        "date": "1940-01-01",
        "value": "30966"
    },
    {
        "date": "1939-12-01",
        "value": "32037"
    },
    {
        "date": "1939-11-01",
        "value": "31837"
    },
    {
        "date": "1939-10-01",
        "value": "31975"
    },
    {
        "date": "1939-09-01",
        "value": "31608"
    },
    {
        "date": "1939-08-01",
        "value": "30870"
    },
    {
        "date": "1939-07-01",
        "value": "30472"
    },
    {
        "date": "1939-06-01",
        "value": "30520"
    },
    {
        "date": "1939-05-01",
        "value": "30145"
    },
    {
        "date": "1939-04-01",
        "value": "29786"
    },
    {
        "date": "1939-03-01",
        "value": "29804"
    },
    {
        "date": "1939-02-01",
        "value": "29394"
    },
    {
        "date": "1939-01-01",
        "value": "29296"
    }
]