[
  {
    "date": "2020-01-01",
    "value": "1.23358439630629"
  },
  {
    "date": "2019-01-01",
    "value": "1.81221007526021"
  },
  {
    "date": "2018-01-01",
    "value": "2.44258329692817"
  },
  {
    "date": "2017-01-01",
    "value": "2.13011000365961"
  },
  {
    "date": "2016-01-01",
    "value": "1.26158320570536"
  },
  {
    "date": "2015-01-01",
    "value": "0.118627135552451"
  },
  {
    "date": "2014-01-01",
    "value": "1.62222297740817"
  },
  {
    "date": "2013-01-01",
    "value": "1.46483265562717"
  },
  {
    "date": "2012-01-01",
    "value": "2.06933726526067"
  },
  {
    "date": "2011-01-01",
    "value": "3.156841568622"
  },
  {
    "date": "2010-01-01",
    "value": "1.6400434423899"
  },
  {
    "date": "2009-01-01",
    "value": "-0.355546266299747"
  },
  {
    "date": "2008-01-01",
    "value": "3.839100296651"
  },
  {
    "date": "2007-01-01",
    "value": "2.85267248150138"
  },
  {
    "date": "2006-01-01",
    "value": "3.22594410070404"
  },
  {
    "date": "2005-01-01",
    "value": "3.3927468454955"
  },
  {
    "date": "2004-01-01",
    "value": "2.67723669309172"
  },
  {
    "date": "2003-01-01",
    "value": "2.27009497336115"
  },
  {
    "date": "2002-01-01",
    "value": "1.58603162650601"
  },
  {
    "date": "2001-01-01",
    "value": "2.82617111885407"
  },
  {
    "date": "2000-01-01",
    "value": "3.37685727149929"
  },
  {
    "date": "1999-01-01",
    "value": "2.18802719697358"
  },
  {
    "date": "1998-01-01",
    "value": "1.55227909874364"
  },
  {
    "date": "1997-01-01",
    "value": "2.33768993730735"
  },
  {
    "date": "1996-01-01",
    "value": "2.93120419993441"
  },
  {
    "date": "1995-01-01",
    "value": "2.80541968853662"
  },
  {
    "date": "1994-01-01",
    "value": "2.60744159215453"
  },
  {
    "date": "1993-01-01",
    "value": "2.95165696638559"
  },
  {
    "date": "1992-01-01",
    "value": "3.02881967814969"
  },
  {
    "date": "1991-01-01",
    "value": "4.23496396453849"
  },
  {
    "date": "1990-01-01",
    "value": "5.39795643990325"
  },
  {
    "date": "1989-01-01",
    "value": "4.82700303008944"
  },
  {
    "date": "1988-01-01",
    "value": "4.07774110744413"
  },
  {
    "date": "1987-01-01",
    "value": "3.6645632175169"
  },
  {
    "date": "1986-01-01",
    "value": "1.89804772234276"
  },
  {
    "date": "1985-01-01",
    "value": "3.54564415209365"
  },
  {
    "date": "1984-01-01",
    "value": "4.30053547523429"
  },
  {
    "date": "1983-01-01",
    "value": "3.21243523316065"
  },
  {
    "date": "1982-01-01",
    "value": "6.13142700027493"
  },
  {
    "date": "1981-01-01",
    "value": "10.3347153402771"
  },
  {
    "date": "1980-01-01",
    "value": "13.5492019749684"
  },
  {
    "date": "1979-01-01",
    "value": "11.2544711292795"
  },
  {
    "date": "1978-01-01",
    "value": "7.63096383885606"
  },
  {
    "date": "1977-01-01",
    "value": "6.5016839947284"
  },
  {
    "date": "1976-01-01",
    "value": "5.74481263549085"
  },
  {
    "date": "1975-01-01",
    "value": "9.14314686496535"
  },
  {
    "date": "1974-01-01",
    "value": "11.0548048048048"
  },
  {
    "date": "1973-01-01",
    "value": "6.17776006377038"
  },
  {
    "date": "1972-01-01",
    "value": "3.27227824655283"
  },
  {
    "date": "1971-01-01",
    "value": "4.29276668813051"
  },
  {
    "date": "1970-01-01",
    "value": "5.83825533848251"
  },
  {
    "date": "1969-01-01",
    "value": "5.46238620028745"
  },
  {
    "date": "1968-01-01",
    "value": "4.27179615288537"
  },
  {
    "date": "1967-01-01",
    "value": "2.77278562259309"
  },
  {
    "date": "1966-01-01",
    "value": "3.0150753768844"
  },
  {
    "date": "1965-01-01",
    "value": "1.58516926383662"
  },
  {
    "date": "1964-01-01",
    "value": "1.27891156462591"
  },
  {
    "date": "1963-01-01",
    "value": "1.23966942148753"
  },
  {
    "date": "1962-01-01",
    "value": "1.19877334820186"
  },
  {
    "date": "1961-01-01",
    "value": "1.07072414764724"
  },
  {
    "date": "1960-01-01",
    "value": "1.45797598627791"
  }
]
