[
    {
        "date": "2024-10-01",
        "value": "3.97"
    },
    {
        "date": "2024-09-01",
        "value": "3.62"
    },
    {
        "date": "2024-08-01",
        "value": "3.97"
    },
    {
        "date": "2024-07-01",
        "value": "4.5"
    },
    {
        "date": "2024-06-01",
        "value": "4.74"
    },
    {
        "date": "2024-05-01",
        "value": "4.86"
    },
    {
        "date": "2024-04-01",
        "value": "4.87"
    },
    {
        "date": "2024-03-01",
        "value": "4.59"
    },
    {
        "date": "2024-02-01",
        "value": "4.54"
    },
    {
        "date": "2024-01-01",
        "value": "4.32"
    },
    {
        "date": "2023-12-01",
        "value": "4.46"
    },
    {
        "date": "2023-11-01",
        "value": "4.88"
    },
    {
        "date": "2023-10-01",
        "value": "5.07"
    },
    {
        "date": "2023-09-01",
        "value": "5.02"
    },
    {
        "date": "2023-08-01",
        "value": "4.90"
    },
    {
        "date": "2023-07-01",
        "value": "4.83"
    },
    {
        "date": "2023-06-01",
        "value": "4.64"
    },
    {
        "date": "2023-05-01",
        "value": "4.13"
    },
    {
        "date": "2023-04-01",
        "value": "4.02"
    },
    {
        "date": "2023-03-01",
        "value": "4.30"
    },
    {
        "date": "2023-02-01",
        "value": "4.53"
    },
    {
        "date": "2023-01-01",
        "value": "4.21"
    },
    {
        "date": "2022-12-01",
        "value": "4.29"
    },
    {
        "date": "2022-11-01",
        "value": "4.50"
    },
    {
        "date": "2022-10-01",
        "value": "4.38"
    },
    {
        "date": "2022-09-01",
        "value": "3.86"
    },
    {
        "date": "2022-08-01",
        "value": "3.25"
    },
    {
        "date": "2022-07-01",
        "value": "3.04"
    },
    {
        "date": "2022-06-01",
        "value": "3.00"
    },
    {
        "date": "2022-05-01",
        "value": "2.62"
    },
    {
        "date": "2022-04-01",
        "value": "2.54"
    },
    {
        "date": "2022-03-01",
        "value": "1.91"
    },
    {
        "date": "2022-02-01",
        "value": "1.44"
    },
    {
        "date": "2022-01-01",
        "value": "0.98"
    },
    {
        "date": "2021-12-01",
        "value": "0.68"
    },
    {
        "date": "2021-11-01",
        "value": "0.51"
    },
    {
        "date": "2021-10-01",
        "value": "0.39"
    },
    {
        "date": "2021-09-01",
        "value": "0.24"
    },
    {
        "date": "2021-08-01",
        "value": "0.22"
    },
    {
        "date": "2021-07-01",
        "value": "0.22"
    },
    {
        "date": "2021-06-01",
        "value": "0.20"
    },
    {
        "date": "2021-05-01",
        "value": "0.16"
    },
    {
        "date": "2021-04-01",
        "value": "0.16"
    },
    {
        "date": "2021-03-01",
        "value": "0.15"
    },
    {
        "date": "2021-02-01",
        "value": "0.12"
    },
    {
        "date": "2021-01-01",
        "value": "0.13"
    },
    {
        "date": "2020-12-01",
        "value": "0.14"
    },
    {
        "date": "2020-11-01",
        "value": "0.17"
    },
    {
        "date": "2020-10-01",
        "value": "0.15"
    },
    {
        "date": "2020-09-01",
        "value": "0.13"
    },
    {
        "date": "2020-08-01",
        "value": "0.14"
    },
    {
        "date": "2020-07-01",
        "value": "0.15"
    },
    {
        "date": "2020-06-01",
        "value": "0.19"
    },
    {
        "date": "2020-05-01",
        "value": "0.17"
    },
    {
        "date": "2020-04-01",
        "value": "0.22"
    },
    {
        "date": "2020-03-01",
        "value": "0.45"
    },
    {
        "date": "2020-02-01",
        "value": "1.33"
    },
    {
        "date": "2020-01-01",
        "value": "1.52"
    },
    {
        "date": "2019-12-01",
        "value": "1.61"
    },
    {
        "date": "2019-11-01",
        "value": "1.61"
    },
    {
        "date": "2019-10-01",
        "value": "1.55"
    },
    {
        "date": "2019-09-01",
        "value": "1.65"
    },
    {
        "date": "2019-08-01",
        "value": "1.57"
    },
    {
        "date": "2019-07-01",
        "value": "1.84"
    },
    {
        "date": "2019-06-01",
        "value": "1.81"
    },
    {
        "date": "2019-05-01",
        "value": "2.21"
    },
    {
        "date": "2019-04-01",
        "value": "2.34"
    },
    {
        "date": "2019-03-01",
        "value": "2.41"
    },
    {
        "date": "2019-02-01",
        "value": "2.50"
    },
    {
        "date": "2019-01-01",
        "value": "2.54"
    },
    {
        "date": "2018-12-01",
        "value": "2.68"
    },
    {
        "date": "2018-11-01",
        "value": "2.86"
    },
    {
        "date": "2018-10-01",
        "value": "2.86"
    },
    {
        "date": "2018-09-01",
        "value": "2.77"
    },
    {
        "date": "2018-08-01",
        "value": "2.64"
    },
    {
        "date": "2018-07-01",
        "value": "2.61"
    },
    {
        "date": "2018-06-01",
        "value": "2.53"
    },
    {
        "date": "2018-05-01",
        "value": "2.51"
    },
    {
        "date": "2018-04-01",
        "value": "2.38"
    },
    {
        "date": "2018-03-01",
        "value": "2.28"
    },
    {
        "date": "2018-02-01",
        "value": "2.18"
    },
    {
        "date": "2018-01-01",
        "value": "2.03"
    },
    {
        "date": "2017-12-01",
        "value": "1.84"
    },
    {
        "date": "2017-11-01",
        "value": "1.70"
    },
    {
        "date": "2017-10-01",
        "value": "1.55"
    },
    {
        "date": "2017-09-01",
        "value": "1.38"
    },
    {
        "date": "2017-08-01",
        "value": "1.34"
    },
    {
        "date": "2017-07-01",
        "value": "1.37"
    },
    {
        "date": "2017-06-01",
        "value": "1.34"
    },
    {
        "date": "2017-05-01",
        "value": "1.30"
    },
    {
        "date": "2017-04-01",
        "value": "1.24"
    },
    {
        "date": "2017-03-01",
        "value": "1.31"
    },
    {
        "date": "2017-02-01",
        "value": "1.20"
    },
    {
        "date": "2017-01-01",
        "value": "1.21"
    },
    {
        "date": "2016-12-01",
        "value": "1.20"
    },
    {
        "date": "2016-11-01",
        "value": "0.98"
    },
    {
        "date": "2016-10-01",
        "value": "0.84"
    },
    {
        "date": "2016-09-01",
        "value": "0.77"
    },
    {
        "date": "2016-08-01",
        "value": "0.74"
    },
    {
        "date": "2016-07-01",
        "value": "0.67"
    },
    {
        "date": "2016-06-01",
        "value": "0.73"
    },
    {
        "date": "2016-05-01",
        "value": "0.82"
    },
    {
        "date": "2016-04-01",
        "value": "0.77"
    },
    {
        "date": "2016-03-01",
        "value": "0.88"
    },
    {
        "date": "2016-02-01",
        "value": "0.73"
    },
    {
        "date": "2016-01-01",
        "value": "0.90"
    },
    {
        "date": "2015-12-01",
        "value": "0.98"
    },
    {
        "date": "2015-11-01",
        "value": "0.88"
    },
    {
        "date": "2015-10-01",
        "value": "0.64"
    },
    {
        "date": "2015-09-01",
        "value": "0.71"
    },
    {
        "date": "2015-08-01",
        "value": "0.70"
    },
    {
        "date": "2015-07-01",
        "value": "0.67"
    },
    {
        "date": "2015-06-01",
        "value": "0.69"
    },
    {
        "date": "2015-05-01",
        "value": "0.61"
    },
    {
        "date": "2015-04-01",
        "value": "0.54"
    },
    {
        "date": "2015-03-01",
        "value": "0.64"
    },
    {
        "date": "2015-02-01",
        "value": "0.62"
    },
    {
        "date": "2015-01-01",
        "value": "0.55"
    },
    {
        "date": "2014-12-01",
        "value": "0.64"
    },
    {
        "date": "2014-11-01",
        "value": "0.53"
    },
    {
        "date": "2014-10-01",
        "value": "0.45"
    },
    {
        "date": "2014-09-01",
        "value": "0.57"
    },
    {
        "date": "2014-08-01",
        "value": "0.47"
    },
    {
        "date": "2014-07-01",
        "value": "0.51"
    },
    {
        "date": "2014-06-01",
        "value": "0.45"
    },
    {
        "date": "2014-05-01",
        "value": "0.39"
    },
    {
        "date": "2014-04-01",
        "value": "0.42"
    },
    {
        "date": "2014-03-01",
        "value": "0.40"
    },
    {
        "date": "2014-02-01",
        "value": "0.33"
    },
    {
        "date": "2014-01-01",
        "value": "0.39"
    },
    {
        "date": "2013-12-01",
        "value": "0.34"
    },
    {
        "date": "2013-11-01",
        "value": "0.30"
    },
    {
        "date": "2013-10-01",
        "value": "0.34"
    },
    {
        "date": "2013-09-01",
        "value": "0.40"
    },
    {
        "date": "2013-08-01",
        "value": "0.36"
    },
    {
        "date": "2013-07-01",
        "value": "0.34"
    },
    {
        "date": "2013-06-01",
        "value": "0.33"
    },
    {
        "date": "2013-05-01",
        "value": "0.25"
    },
    {
        "date": "2013-04-01",
        "value": "0.23"
    },
    {
        "date": "2013-03-01",
        "value": "0.26"
    },
    {
        "date": "2013-02-01",
        "value": "0.27"
    },
    {
        "date": "2013-01-01",
        "value": "0.27"
    },
    {
        "date": "2012-12-01",
        "value": "0.26"
    },
    {
        "date": "2012-11-01",
        "value": "0.27"
    },
    {
        "date": "2012-10-01",
        "value": "0.28"
    },
    {
        "date": "2012-09-01",
        "value": "0.26"
    },
    {
        "date": "2012-08-01",
        "value": "0.27"
    },
    {
        "date": "2012-07-01",
        "value": "0.25"
    },
    {
        "date": "2012-06-01",
        "value": "0.29"
    },
    {
        "date": "2012-05-01",
        "value": "0.29"
    },
    {
        "date": "2012-04-01",
        "value": "0.29"
    },
    {
        "date": "2012-03-01",
        "value": "0.34"
    },
    {
        "date": "2012-02-01",
        "value": "0.28"
    },
    {
        "date": "2012-01-01",
        "value": "0.24"
    },
    {
        "date": "2011-12-01",
        "value": "0.26"
    },
    {
        "date": "2011-11-01",
        "value": "0.25"
    },
    {
        "date": "2011-10-01",
        "value": "0.28"
    },
    {
        "date": "2011-09-01",
        "value": "0.21"
    },
    {
        "date": "2011-08-01",
        "value": "0.23"
    },
    {
        "date": "2011-07-01",
        "value": "0.41"
    },
    {
        "date": "2011-06-01",
        "value": "0.41"
    },
    {
        "date": "2011-05-01",
        "value": "0.56"
    },
    {
        "date": "2011-04-01",
        "value": "0.73"
    },
    {
        "date": "2011-03-01",
        "value": "0.70"
    },
    {
        "date": "2011-02-01",
        "value": "0.77"
    },
    {
        "date": "2011-01-01",
        "value": "0.61"
    },
    {
        "date": "2010-12-01",
        "value": "0.62"
    },
    {
        "date": "2010-11-01",
        "value": "0.45"
    },
    {
        "date": "2010-10-01",
        "value": "0.38"
    },
    {
        "date": "2010-09-01",
        "value": "0.48"
    },
    {
        "date": "2010-08-01",
        "value": "0.52"
    },
    {
        "date": "2010-07-01",
        "value": "0.62"
    },
    {
        "date": "2010-06-01",
        "value": "0.72"
    },
    {
        "date": "2010-05-01",
        "value": "0.83"
    },
    {
        "date": "2010-04-01",
        "value": "1.06"
    },
    {
        "date": "2010-03-01",
        "value": "0.96"
    },
    {
        "date": "2010-02-01",
        "value": "0.86"
    },
    {
        "date": "2010-01-01",
        "value": "0.93"
    },
    {
        "date": "2009-12-01",
        "value": "0.87"
    },
    {
        "date": "2009-11-01",
        "value": "0.80"
    },
    {
        "date": "2009-10-01",
        "value": "0.95"
    },
    {
        "date": "2009-09-01",
        "value": "0.96"
    },
    {
        "date": "2009-08-01",
        "value": "1.12"
    },
    {
        "date": "2009-07-01",
        "value": "1.02"
    },
    {
        "date": "2009-06-01",
        "value": "1.18"
    },
    {
        "date": "2009-05-01",
        "value": "0.93"
    },
    {
        "date": "2009-04-01",
        "value": "0.93"
    },
    {
        "date": "2009-03-01",
        "value": "0.93"
    },
    {
        "date": "2009-02-01",
        "value": "0.98"
    },
    {
        "date": "2009-01-01",
        "value": "0.81"
    },
    {
        "date": "2008-12-01",
        "value": "0.82"
    },
    {
        "date": "2008-11-01",
        "value": "1.21"
    },
    {
        "date": "2008-10-01",
        "value": "1.61"
    },
    {
        "date": "2008-09-01",
        "value": "2.08"
    },
    {
        "date": "2008-08-01",
        "value": "2.42"
    },
    {
        "date": "2008-07-01",
        "value": "2.57"
    },
    {
        "date": "2008-06-01",
        "value": "2.77"
    },
    {
        "date": "2008-05-01",
        "value": "2.45"
    },
    {
        "date": "2008-04-01",
        "value": "2.05"
    },
    {
        "date": "2008-03-01",
        "value": "1.62"
    },
    {
        "date": "2008-02-01",
        "value": "1.97"
    },
    {
        "date": "2008-01-01",
        "value": "2.48"
    },
    {
        "date": "2007-12-01",
        "value": "3.12"
    },
    {
        "date": "2007-11-01",
        "value": "3.34"
    },
    {
        "date": "2007-10-01",
        "value": "3.97"
    },
    {
        "date": "2007-09-01",
        "value": "4.01"
    },
    {
        "date": "2007-08-01",
        "value": "4.31"
    },
    {
        "date": "2007-07-01",
        "value": "4.82"
    },
    {
        "date": "2007-06-01",
        "value": "4.98"
    },
    {
        "date": "2007-05-01",
        "value": "4.77"
    },
    {
        "date": "2007-04-01",
        "value": "4.67"
    },
    {
        "date": "2007-03-01",
        "value": "4.57"
    },
    {
        "date": "2007-02-01",
        "value": "4.85"
    },
    {
        "date": "2007-01-01",
        "value": "4.88"
    },
    {
        "date": "2006-12-01",
        "value": "4.67"
    },
    {
        "date": "2006-11-01",
        "value": "4.74"
    },
    {
        "date": "2006-10-01",
        "value": "4.80"
    },
    {
        "date": "2006-09-01",
        "value": "4.77"
    },
    {
        "date": "2006-08-01",
        "value": "4.90"
    },
    {
        "date": "2006-07-01",
        "value": "5.12"
    },
    {
        "date": "2006-06-01",
        "value": "5.12"
    },
    {
        "date": "2006-05-01",
        "value": "4.97"
    },
    {
        "date": "2006-04-01",
        "value": "4.89"
    },
    {
        "date": "2006-03-01",
        "value": "4.73"
    },
    {
        "date": "2006-02-01",
        "value": "4.67"
    },
    {
        "date": "2006-01-01",
        "value": "4.40"
    },
    {
        "date": "2005-12-01",
        "value": "4.40"
    },
    {
        "date": "2005-11-01",
        "value": "4.42"
    },
    {
        "date": "2005-10-01",
        "value": "4.27"
    },
    {
        "date": "2005-09-01",
        "value": "3.95"
    },
    {
        "date": "2005-08-01",
        "value": "4.04"
    },
    {
        "date": "2005-07-01",
        "value": "3.87"
    },
    {
        "date": "2005-06-01",
        "value": "3.64"
    },
    {
        "date": "2005-05-01",
        "value": "3.64"
    },
    {
        "date": "2005-04-01",
        "value": "3.65"
    },
    {
        "date": "2005-03-01",
        "value": "3.73"
    },
    {
        "date": "2005-02-01",
        "value": "3.38"
    },
    {
        "date": "2005-01-01",
        "value": "3.22"
    },
    {
        "date": "2004-12-01",
        "value": "3.01"
    },
    {
        "date": "2004-11-01",
        "value": "2.85"
    },
    {
        "date": "2004-10-01",
        "value": "2.58"
    },
    {
        "date": "2004-09-01",
        "value": "2.53"
    },
    {
        "date": "2004-08-01",
        "value": "2.51"
    },
    {
        "date": "2004-07-01",
        "value": "2.64"
    },
    {
        "date": "2004-06-01",
        "value": "2.76"
    },
    {
        "date": "2004-05-01",
        "value": "2.53"
    },
    {
        "date": "2004-04-01",
        "value": "2.07"
    },
    {
        "date": "2004-03-01",
        "value": "1.58"
    },
    {
        "date": "2004-02-01",
        "value": "1.74"
    },
    {
        "date": "2004-01-01",
        "value": "1.76"
    },
    {
        "date": "2003-12-01",
        "value": "1.91"
    },
    {
        "date": "2003-11-01",
        "value": "1.93"
    },
    {
        "date": "2003-10-01",
        "value": "1.75"
    },
    {
        "date": "2003-09-01",
        "value": "1.71"
    },
    {
        "date": "2003-08-01",
        "value": "1.86"
    },
    {
        "date": "2003-07-01",
        "value": "1.47"
    },
    {
        "date": "2003-06-01",
        "value": "1.23"
    },
    {
        "date": "2003-05-01",
        "value": "1.42"
    },
    {
        "date": "2003-04-01",
        "value": "1.62"
    },
    {
        "date": "2003-03-01",
        "value": "1.57"
    },
    {
        "date": "2003-02-01",
        "value": "1.63"
    },
    {
        "date": "2003-01-01",
        "value": "1.74"
    },
    {
        "date": "2002-12-01",
        "value": "1.84"
    },
    {
        "date": "2002-11-01",
        "value": "1.92"
    },
    {
        "date": "2002-10-01",
        "value": "1.91"
    },
    {
        "date": "2002-09-01",
        "value": "2.00"
    },
    {
        "date": "2002-08-01",
        "value": "2.13"
    },
    {
        "date": "2002-07-01",
        "value": "2.56"
    },
    {
        "date": "2002-06-01",
        "value": "2.99"
    },
    {
        "date": "2002-05-01",
        "value": "3.26"
    },
    {
        "date": "2002-04-01",
        "value": "3.42"
    },
    {
        "date": "2002-03-01",
        "value": "3.56"
    },
    {
        "date": "2002-02-01",
        "value": "3.02"
    },
    {
        "date": "2002-01-01",
        "value": "3.03"
    },
    {
        "date": "2001-12-01",
        "value": "3.11"
    },
    {
        "date": "2001-11-01",
        "value": "2.78"
    },
    {
        "date": "2001-10-01",
        "value": "2.73"
    },
    {
        "date": "2001-09-01",
        "value": "3.12"
    },
    {
        "date": "2001-08-01",
        "value": "3.76"
    },
    {
        "date": "2001-07-01",
        "value": "4.04"
    },
    {
        "date": "2001-06-01",
        "value": "4.08"
    },
    {
        "date": "2001-05-01",
        "value": "4.26"
    },
    {
        "date": "2001-04-01",
        "value": "4.23"
    },
    {
        "date": "2001-03-01",
        "value": "4.34"
    },
    {
        "date": "2001-02-01",
        "value": "4.66"
    },
    {
        "date": "2001-01-01",
        "value": "4.76"
    },
    {
        "date": "2000-12-01",
        "value": "5.35"
    },
    {
        "date": "2000-11-01",
        "value": "5.88"
    },
    {
        "date": "2000-10-01",
        "value": "5.91"
    },
    {
        "date": "2000-09-01",
        "value": "6.08"
    },
    {
        "date": "2000-08-01",
        "value": "6.23"
    },
    {
        "date": "2000-07-01",
        "value": "6.34"
    },
    {
        "date": "2000-06-01",
        "value": "6.48"
    },
    {
        "date": "2000-05-01",
        "value": "6.81"
    },
    {
        "date": "2000-04-01",
        "value": "6.40"
    },
    {
        "date": "2000-03-01",
        "value": "6.53"
    },
    {
        "date": "2000-02-01",
        "value": "6.61"
    },
    {
        "date": "2000-01-01",
        "value": "6.44"
    },
    {
        "date": "1999-12-01",
        "value": "6.10"
    },
    {
        "date": "1999-11-01",
        "value": "5.86"
    },
    {
        "date": "1999-10-01",
        "value": "5.86"
    },
    {
        "date": "1999-09-01",
        "value": "5.66"
    },
    {
        "date": "1999-08-01",
        "value": "5.68"
    },
    {
        "date": "1999-07-01",
        "value": "5.55"
    },
    {
        "date": "1999-06-01",
        "value": "5.62"
    },
    {
        "date": "1999-05-01",
        "value": "5.25"
    },
    {
        "date": "1999-04-01",
        "value": "4.98"
    },
    {
        "date": "1999-03-01",
        "value": "5.05"
    },
    {
        "date": "1999-02-01",
        "value": "4.88"
    },
    {
        "date": "1999-01-01",
        "value": "4.62"
    },
    {
        "date": "1998-12-01",
        "value": "4.51"
    },
    {
        "date": "1998-11-01",
        "value": "4.54"
    },
    {
        "date": "1998-10-01",
        "value": "4.09"
    },
    {
        "date": "1998-09-01",
        "value": "4.67"
    },
    {
        "date": "1998-08-01",
        "value": "5.27"
    },
    {
        "date": "1998-07-01",
        "value": "5.46"
    },
    {
        "date": "1998-06-01",
        "value": "5.52"
    },
    {
        "date": "1998-05-01",
        "value": "5.59"
    },
    {
        "date": "1998-04-01",
        "value": "5.56"
    },
    {
        "date": "1998-03-01",
        "value": "5.56"
    },
    {
        "date": "1998-02-01",
        "value": "5.42"
    },
    {
        "date": "1998-01-01",
        "value": "5.36"
    },
    {
        "date": "1997-12-01",
        "value": "5.72"
    },
    {
        "date": "1997-11-01",
        "value": "5.71"
    },
    {
        "date": "1997-10-01",
        "value": "5.77"
    },
    {
        "date": "1997-09-01",
        "value": "5.88"
    },
    {
        "date": "1997-08-01",
        "value": "5.94"
    },
    {
        "date": "1997-07-01",
        "value": "5.89"
    },
    {
        "date": "1997-06-01",
        "value": "6.09"
    },
    {
        "date": "1997-05-01",
        "value": "6.28"
    },
    {
        "date": "1997-04-01",
        "value": "6.45"
    },
    {
        "date": "1997-03-01",
        "value": "6.22"
    },
    {
        "date": "1997-02-01",
        "value": "5.90"
    },
    {
        "date": "1997-01-01",
        "value": "6.01"
    },
    {
        "date": "1996-12-01",
        "value": "5.78"
    },
    {
        "date": "1996-11-01",
        "value": "5.70"
    },
    {
        "date": "1996-10-01",
        "value": "5.91"
    },
    {
        "date": "1996-09-01",
        "value": "6.23"
    },
    {
        "date": "1996-08-01",
        "value": "6.03"
    },
    {
        "date": "1996-07-01",
        "value": "6.27"
    },
    {
        "date": "1996-06-01",
        "value": "6.30"
    },
    {
        "date": "1996-05-01",
        "value": "6.10"
    },
    {
        "date": "1996-04-01",
        "value": "5.96"
    },
    {
        "date": "1996-03-01",
        "value": "5.66"
    },
    {
        "date": "1996-02-01",
        "value": "5.03"
    },
    {
        "date": "1996-01-01",
        "value": "5.11"
    },
    {
        "date": "1995-12-01",
        "value": "5.32"
    },
    {
        "date": "1995-11-01",
        "value": "5.48"
    },
    {
        "date": "1995-10-01",
        "value": "5.70"
    },
    {
        "date": "1995-09-01",
        "value": "5.81"
    },
    {
        "date": "1995-08-01",
        "value": "5.98"
    },
    {
        "date": "1995-07-01",
        "value": "5.78"
    },
    {
        "date": "1995-06-01",
        "value": "5.72"
    },
    {
        "date": "1995-05-01",
        "value": "6.17"
    },
    {
        "date": "1995-04-01",
        "value": "6.57"
    },
    {
        "date": "1995-03-01",
        "value": "6.78"
    },
    {
        "date": "1995-02-01",
        "value": "7.11"
    },
    {
        "date": "1995-01-01",
        "value": "7.51"
    },
    {
        "date": "1994-12-01",
        "value": "7.59"
    },
    {
        "date": "1994-11-01",
        "value": "7.15"
    },
    {
        "date": "1994-10-01",
        "value": "6.73"
    },
    {
        "date": "1994-09-01",
        "value": "6.39"
    },
    {
        "date": "1994-08-01",
        "value": "6.18"
    },
    {
        "date": "1994-07-01",
        "value": "6.13"
    },
    {
        "date": "1994-06-01",
        "value": "5.93"
    },
    {
        "date": "1994-05-01",
        "value": "5.97"
    },
    {
        "date": "1994-04-01",
        "value": "5.55"
    },
    {
        "date": "1994-03-01",
        "value": "5.00"
    },
    {
        "date": "1994-02-01",
        "value": "4.47"
    },
    {
        "date": "1994-01-01",
        "value": "4.14"
    },
    {
        "date": "1993-12-01",
        "value": "4.21"
    },
    {
        "date": "1993-11-01",
        "value": "4.16"
    },
    {
        "date": "1993-10-01",
        "value": "3.87"
    },
    {
        "date": "1993-09-01",
        "value": "3.85"
    },
    {
        "date": "1993-08-01",
        "value": "4.00"
    },
    {
        "date": "1993-07-01",
        "value": "4.07"
    },
    {
        "date": "1993-06-01",
        "value": "4.16"
    },
    {
        "date": "1993-05-01",
        "value": "3.98"
    },
    {
        "date": "1993-04-01",
        "value": "3.84"
    },
    {
        "date": "1993-03-01",
        "value": "3.95"
    },
    {
        "date": "1993-02-01",
        "value": "4.10"
    },
    {
        "date": "1993-01-01",
        "value": "4.39"
    },
    {
        "date": "1992-12-01",
        "value": "4.67"
    },
    {
        "date": "1992-11-01",
        "value": "4.58"
    },
    {
        "date": "1992-10-01",
        "value": "4.08"
    },
    {
        "date": "1992-09-01",
        "value": "3.89"
    },
    {
        "date": "1992-08-01",
        "value": "4.19"
    },
    {
        "date": "1992-07-01",
        "value": "4.36"
    },
    {
        "date": "1992-06-01",
        "value": "5.05"
    },
    {
        "date": "1992-05-01",
        "value": "5.23"
    },
    {
        "date": "1992-04-01",
        "value": "5.34"
    },
    {
        "date": "1992-03-01",
        "value": "5.69"
    },
    {
        "date": "1992-02-01",
        "value": "5.21"
    },
    {
        "date": "1992-01-01",
        "value": "4.96"
    },
    {
        "date": "1991-12-01",
        "value": "5.03"
    },
    {
        "date": "1991-11-01",
        "value": "5.56"
    },
    {
        "date": "1991-10-01",
        "value": "5.91"
    },
    {
        "date": "1991-09-01",
        "value": "6.18"
    },
    {
        "date": "1991-08-01",
        "value": "6.43"
    },
    {
        "date": "1991-07-01",
        "value": "6.92"
    },
    {
        "date": "1991-06-01",
        "value": "6.96"
    },
    {
        "date": "1991-05-01",
        "value": "6.78"
    },
    {
        "date": "1991-04-01",
        "value": "6.95"
    },
    {
        "date": "1991-03-01",
        "value": "7.10"
    },
    {
        "date": "1991-02-01",
        "value": "6.87"
    },
    {
        "date": "1991-01-01",
        "value": "7.13"
    },
    {
        "date": "1990-12-01",
        "value": "7.31"
    },
    {
        "date": "1990-11-01",
        "value": "7.60"
    },
    {
        "date": "1990-10-01",
        "value": "7.88"
    },
    {
        "date": "1990-09-01",
        "value": "8.08"
    },
    {
        "date": "1990-08-01",
        "value": "8.06"
    },
    {
        "date": "1990-07-01",
        "value": "8.16"
    },
    {
        "date": "1990-06-01",
        "value": "8.35"
    },
    {
        "date": "1990-05-01",
        "value": "8.64"
    },
    {
        "date": "1990-04-01",
        "value": "8.72"
    },
    {
        "date": "1990-03-01",
        "value": "8.63"
    },
    {
        "date": "1990-02-01",
        "value": "8.37"
    },
    {
        "date": "1990-01-01",
        "value": "8.09"
    },
    {
        "date": "1989-12-01",
        "value": "7.78"
    },
    {
        "date": "1989-11-01",
        "value": "7.80"
    },
    {
        "date": "1989-10-01",
        "value": "7.98"
    },
    {
        "date": "1989-09-01",
        "value": "8.28"
    },
    {
        "date": "1989-08-01",
        "value": "8.14"
    },
    {
        "date": "1989-07-01",
        "value": "7.82"
    },
    {
        "date": "1989-06-01",
        "value": "8.41"
    },
    {
        "date": "1989-05-01",
        "value": "9.02"
    },
    {
        "date": "1989-04-01",
        "value": "9.45"
    },
    {
        "date": "1989-03-01",
        "value": "9.68"
    },
    {
        "date": "1989-02-01",
        "value": "9.37"
    },
    {
        "date": "1989-01-01",
        "value": "9.18"
    },
    {
        "date": "1988-12-01",
        "value": "9.09"
    },
    {
        "date": "1988-11-01",
        "value": "8.67"
    },
    {
        "date": "1988-10-01",
        "value": "8.35"
    },
    {
        "date": "1988-09-01",
        "value": "8.46"
    },
    {
        "date": "1988-08-01",
        "value": "8.63"
    },
    {
        "date": "1988-07-01",
        "value": "8.28"
    },
    {
        "date": "1988-06-01",
        "value": "8.03"
    },
    {
        "date": "1988-05-01",
        "value": "8.00"
    },
    {
        "date": "1988-04-01",
        "value": "7.59"
    },
    {
        "date": "1988-03-01",
        "value": "7.27"
    },
    {
        "date": "1988-02-01",
        "value": "7.18"
    },
    {
        "date": "1988-01-01",
        "value": "7.63"
    },
    {
        "date": "1987-12-01",
        "value": "7.86"
    },
    {
        "date": "1987-11-01",
        "value": "7.69"
    },
    {
        "date": "1987-10-01",
        "value": "8.40"
    },
    {
        "date": "1987-09-01",
        "value": "8.34"
    },
    {
        "date": "1987-08-01",
        "value": "7.75"
    },
    {
        "date": "1987-07-01",
        "value": "7.44"
    },
    {
        "date": "1987-06-01",
        "value": "7.57"
    },
    {
        "date": "1987-05-01",
        "value": "7.76"
    },
    {
        "date": "1987-04-01",
        "value": "7.02"
    },
    {
        "date": "1987-03-01",
        "value": "6.42"
    },
    {
        "date": "1987-02-01",
        "value": "6.40"
    },
    {
        "date": "1987-01-01",
        "value": "6.23"
    },
    {
        "date": "1986-12-01",
        "value": "6.27"
    },
    {
        "date": "1986-11-01",
        "value": "6.28"
    },
    {
        "date": "1986-10-01",
        "value": "6.28"
    },
    {
        "date": "1986-09-01",
        "value": "6.35"
    },
    {
        "date": "1986-08-01",
        "value": "6.33"
    },
    {
        "date": "1986-07-01",
        "value": "6.67"
    },
    {
        "date": "1986-06-01",
        "value": "7.18"
    },
    {
        "date": "1986-05-01",
        "value": "7.07"
    },
    {
        "date": "1986-04-01",
        "value": "6.70"
    },
    {
        "date": "1986-03-01",
        "value": "7.21"
    },
    {
        "date": "1986-02-01",
        "value": "7.97"
    },
    {
        "date": "1986-01-01",
        "value": "8.14"
    },
    {
        "date": "1985-12-01",
        "value": "8.15"
    },
    {
        "date": "1985-11-01",
        "value": "8.58"
    },
    {
        "date": "1985-10-01",
        "value": "8.86"
    },
    {
        "date": "1985-09-01",
        "value": "8.98"
    },
    {
        "date": "1985-08-01",
        "value": "8.94"
    },
    {
        "date": "1985-07-01",
        "value": "8.77"
    },
    {
        "date": "1985-06-01",
        "value": "8.69"
    },
    {
        "date": "1985-05-01",
        "value": "9.39"
    },
    {
        "date": "1985-04-01",
        "value": "10.09"
    },
    {
        "date": "1985-03-01",
        "value": "10.71"
    },
    {
        "date": "1985-02-01",
        "value": "10.17"
    },
    {
        "date": "1985-01-01",
        "value": "9.93"
    },
    {
        "date": "1984-12-01",
        "value": "10.18"
    },
    {
        "date": "1984-11-01",
        "value": "10.65"
    },
    {
        "date": "1984-10-01",
        "value": "11.60"
    },
    {
        "date": "1984-09-01",
        "value": "12.20"
    },
    {
        "date": "1984-08-01",
        "value": "12.43"
    },
    {
        "date": "1984-07-01",
        "value": "12.88"
    },
    {
        "date": "1984-06-01",
        "value": "12.91"
    },
    {
        "date": "1984-05-01",
        "value": "12.47"
    },
    {
        "date": "1984-04-01",
        "value": "11.69"
    },
    {
        "date": "1984-03-01",
        "value": "11.31"
    },
    {
        "date": "1984-02-01",
        "value": "10.79"
    },
    {
        "date": "1984-01-01",
        "value": "10.64"
    },
    {
        "date": "1983-12-01",
        "value": "10.84"
    },
    {
        "date": "1983-11-01",
        "value": "10.66"
    },
    {
        "date": "1983-10-01",
        "value": "10.57"
    },
    {
        "date": "1983-09-01",
        "value": "10.79"
    },
    {
        "date": "1983-08-01",
        "value": "11.07"
    },
    {
        "date": "1983-07-01",
        "value": "10.69"
    },
    {
        "date": "1983-06-01",
        "value": "10.18"
    },
    {
        "date": "1983-05-01",
        "value": "9.49"
    },
    {
        "date": "1983-04-01",
        "value": "9.57"
    },
    {
        "date": "1983-03-01",
        "value": "9.66"
    },
    {
        "date": "1983-02-01",
        "value": "9.64"
    },
    {
        "date": "1983-01-01",
        "value": "9.33"
    },
    {
        "date": "1982-12-01",
        "value": "9.66"
    },
    {
        "date": "1982-11-01",
        "value": "9.80"
    },
    {
        "date": "1982-10-01",
        "value": "10.19"
    },
    {
        "date": "1982-09-01",
        "value": "11.78"
    },
    {
        "date": "1982-08-01",
        "value": "12.32"
    },
    {
        "date": "1982-07-01",
        "value": "13.80"
    },
    {
        "date": "1982-06-01",
        "value": "14.47"
    },
    {
        "date": "1982-05-01",
        "value": "13.78"
    },
    {
        "date": "1982-04-01",
        "value": "14.20"
    },
    {
        "date": "1982-03-01",
        "value": "14.19"
    },
    {
        "date": "1982-02-01",
        "value": "14.82"
    },
    {
        "date": "1982-01-01",
        "value": "14.57"
    },
    {
        "date": "1981-12-01",
        "value": "13.29"
    },
    {
        "date": "1981-11-01",
        "value": "12.88"
    },
    {
        "date": "1981-10-01",
        "value": "15.54"
    },
    {
        "date": "1981-09-01",
        "value": "16.46"
    },
    {
        "date": "1981-08-01",
        "value": "16.28"
    },
    {
        "date": "1981-07-01",
        "value": "15.35"
    },
    {
        "date": "1981-06-01",
        "value": "14.51"
    },
    {
        "date": "1981-05-01",
        "value": "15.46"
    },
    {
        "date": "1981-04-01",
        "value": "14.15"
    },
    {
        "date": "1981-03-01",
        "value": "13.57"
    },
    {
        "date": "1981-02-01",
        "value": "13.92"
    },
    {
        "date": "1981-01-01",
        "value": "13.26"
    },
    {
        "date": "1980-12-01",
        "value": "14.08"
    },
    {
        "date": "1980-11-01",
        "value": "13.51"
    },
    {
        "date": "1980-10-01",
        "value": "12.09"
    },
    {
        "date": "1980-09-01",
        "value": "11.57"
    },
    {
        "date": "1980-08-01",
        "value": "10.53"
    },
    {
        "date": "1980-07-01",
        "value": "9.03"
    },
    {
        "date": "1980-06-01",
        "value": "8.73"
    },
    {
        "date": "1980-05-01",
        "value": "9.45"
    },
    {
        "date": "1980-04-01",
        "value": "12.50"
    },
    {
        "date": "1980-03-01",
        "value": "14.88"
    },
    {
        "date": "1980-02-01",
        "value": "13.42"
    },
    {
        "date": "1980-01-01",
        "value": "11.50"
    },
    {
        "date": "1979-12-01",
        "value": "11.39"
    },
    {
        "date": "1979-11-01",
        "value": "11.81"
    },
    {
        "date": "1979-10-01",
        "value": "11.49"
    },
    {
        "date": "1979-09-01",
        "value": "10.06"
    },
    {
        "date": "1979-08-01",
        "value": "9.46"
    },
    {
        "date": "1979-07-01",
        "value": "9.14"
    },
    {
        "date": "1979-06-01",
        "value": "9.22"
    },
    {
        "date": "1979-05-01",
        "value": "9.78"
    },
    {
        "date": "1979-04-01",
        "value": "9.78"
    },
    {
        "date": "1979-03-01",
        "value": "9.79"
    },
    {
        "date": "1979-02-01",
        "value": "9.72"
    },
    {
        "date": "1979-01-01",
        "value": "9.86"
    },
    {
        "date": "1978-12-01",
        "value": "9.72"
    },
    {
        "date": "1978-11-01",
        "value": "9.42"
    },
    {
        "date": "1978-10-01",
        "value": "8.85"
    },
    {
        "date": "1978-09-01",
        "value": "8.57"
    },
    {
        "date": "1978-08-01",
        "value": "8.37"
    },
    {
        "date": "1978-07-01",
        "value": "8.49"
    },
    {
        "date": "1978-06-01",
        "value": "8.24"
    },
    {
        "date": "1978-05-01",
        "value": "8.01"
    },
    {
        "date": "1978-04-01",
        "value": "7.74"
    },
    {
        "date": "1978-03-01",
        "value": "7.58"
    },
    {
        "date": "1978-02-01",
        "value": "7.57"
    },
    {
        "date": "1978-01-01",
        "value": "7.49"
    },
    {
        "date": "1977-12-01",
        "value": "7.18"
    },
    {
        "date": "1977-11-01",
        "value": "7.14"
    },
    {
        "date": "1977-10-01",
        "value": "7.11"
    },
    {
        "date": "1977-09-01",
        "value": "6.71"
    },
    {
        "date": "1977-08-01",
        "value": "6.61"
    },
    {
        "date": "1977-07-01",
        "value": "6.27"
    },
    {
        "date": "1977-06-01",
        "value": "6.13"
    },
    {
        "date": "1977-05-01",
        "value": "6.25"
    },
    {
        "date": "1977-04-01",
        "value": "5.96"
    },
    {
        "date": "1977-03-01",
        "value": "6.09"
    },
    {
        "date": "1977-02-01",
        "value": "6.09"
    },
    {
        "date": "1977-01-01",
        "value": "5.90"
    },
    {
        "date": "1976-12-01",
        "value": "5.38"
    },
    {
        "date": "1976-11-01",
        "value": "5.81"
    },
    {
        "date": "1976-10-01",
        "value": "5.98"
    },
    {
        "date": "1976-09-01",
        "value": "6.42"
    },
    {
        "date": "1976-08-01",
        "value": "6.63"
    },
    {
        "date": "1976-07-01",
        "value": "6.85"
    },
    {
        "date": "1976-06-01",
        "value": "7.06"
    }
]